JOHN,MALE
WILLIAM,MALE
JAMES,MALE
CHARLES,MALE
GEORGE,MALE
FRANK,MALE
JOSEPH,MALE
THOMAS,MALE
HENRY,MALE
ROBERT,MALE
EDWARD,MALE
HARRY,MALE
WALTER,MALE
ARTHUR,MALE
FRED,MALE
ALBERT,MALE
SAMUEL,MALE
DAVID,MALE
LOUIS,MALE
JOE,MALE
CHARLIE,MALE
CLARENCE,MALE
RICHARD,MALE
ANDREW,MALE
DANIEL,MALE
ERNEST,MALE
WILL,MALE
JESSE,MALE
OSCAR,MALE
LEWIS,MALE
PETER,MALE
BENJAMIN,MALE
FREDERICK,MALE
WILLIE,MALE
ALFRED,MALE
SAM,MALE
ROY,MALE
HERBERT,MALE
JACOB,MALE
TOM,MALE
ELMER,MALE
CARL,MALE
LEE,MALE
HOWARD,MALE
MARTIN,MALE
MICHAEL,MALE
BERT,MALE
HERMAN,MALE
JIM,MALE
FRANCIS,MALE
HARVEY,MALE
EARL,MALE
EUGENE,MALE
RALPH,MALE
ED,MALE
CLAUDE,MALE
EDWIN,MALE
BEN,MALE
CHARLEY,MALE
PAUL,MALE
EDGAR,MALE
ISAAC,MALE
OTTO,MALE
LUTHER,MALE
LAWRENCE,MALE
IRA,MALE
PATRICK,MALE
GUY,MALE
OLIVER,MALE
THEODORE,MALE
HUGH,MALE
CLYDE,MALE
ALEXANDER,MALE
AUGUST,MALE
FLOYD,MALE
HOMER,MALE
JACK,MALE
LEONARD,MALE
HORACE,MALE
MARION,MALE
PHILIP,MALE
ALLEN,MALE
ARCHIE,MALE
STEPHEN,MALE
CHESTER,MALE
WILLIS,MALE
RAYMOND,MALE
RUFUS,MALE
WARREN,MALE
JESSIE,MALE
MILTON,MALE
ALEX,MALE
LEO,MALE
JULIUS,MALE
RAY,MALE
SIDNEY,MALE
BERNARD,MALE
DAN,MALE
JERRY,MALE
CALVIN,MALE
PERRY,MALE
DAVE,MALE
ANTHONY,MALE
EDDIE,MALE
AMOS,MALE
DENNIS,MALE
CLIFFORD,MALE
LEROY,MALE
WESLEY,MALE
ALONZO,MALE
GARFIELD,MALE
FRANKLIN,MALE
EMIL,MALE
LEON,MALE
NATHAN,MALE
HAROLD,MALE
MATTHEW,MALE
LEVI,MALE
MOSES,MALE
EVERETT,MALE
LESTER,MALE
WINFIELD,MALE
ADAM,MALE
LLOYD,MALE
MACK,MALE
FREDRICK,MALE
JAY,MALE
JESS,MALE
MELVIN,MALE
NOAH,MALE
AARON,MALE
ALVIN,MALE
NORMAN,MALE
GILBERT,MALE
ELIJAH,MALE
VICTOR,MALE
GUS,MALE
NELSON,MALE
JASPER,MALE
SILAS,MALE
CHRISTOPHER,MALE
JAKE,MALE
MIKE,MALE
PERCY,MALE
ADOLPH,MALE
MAURICE,MALE
CORNELIUS,MALE
FELIX,MALE
REUBEN,MALE
WALLACE,MALE
CLAUD,MALE
ROSCOE,MALE
SYLVESTER,MALE
EARNEST,MALE
HIRAM,MALE
OTIS,MALE
SIMON,MALE
WILLARD,MALE
IRVIN,MALE
MARK,MALE
JOSE,MALE
WILBUR,MALE
ABRAHAM,MALE
VIRGIL,MALE
CLINTON,MALE
ELBERT,MALE
LESLIE,MALE
MARSHALL,MALE
OWEN,MALE
WILEY,MALE
ANTON,MALE
MORRIS,MALE
MANUEL,MALE
PHILLIP,MALE
AUGUSTUS,MALE
EMMETT,MALE
ELI,MALE
NICHOLAS,MALE
WILSON,MALE
ALVA,MALE
HARLEY,MALE
NEWTON,MALE
TIMOTHY,MALE
MARVIN,MALE
ROSS,MALE
CURTIS,MALE
EDMUND,MALE
JEFF,MALE
ELIAS,MALE
HARRISON,MALE
STANLEY,MALE
COLUMBUS,MALE
LON,MALE
ORA,MALE
OLLIE,MALE
RUSSELL,MALE
PEARL,MALE
SOLOMON,MALE
ARCH,MALE
ASA,MALE
CLAYTON,MALE
ENOCH,MALE
IRVING,MALE
MATHEW,MALE
NATHANIEL,MALE
SCOTT,MALE
HUBERT,MALE
LEMUEL,MALE
ANDY,MALE
ELLIS,MALE
EMANUEL,MALE
JOSHUA,MALE
MILLARD,MALE
VERNON,MALE
WADE,MALE
CYRUS,MALE
MILES,MALE
RUDOLPH,MALE
SHERMAN,MALE
AUSTIN,MALE
BILL,MALE
CHAS,MALE
LONNIE,MALE
MONROE,MALE
BYRON,MALE
EDD,MALE
EMERY,MALE
GRANT,MALE
JEROME,MALE
MAX,MALE
MOSE,MALE
STEVE,MALE
GORDON,MALE
ABE,MALE
PETE,MALE
CHRIS,MALE
CLARK,MALE
GUSTAVE,MALE
ORVILLE,MALE
LORENZO,MALE
BRUCE,MALE
MARCUS,MALE
PRESTON,MALE
BOB,MALE
DOCK,MALE
DONALD,MALE
JACKSON,MALE
CECIL,MALE
BARNEY,MALE
DELBERT,MALE
EDMOND,MALE
ANDERSON,MALE
CHRISTIAN,MALE
GLENN,MALE
JEFFERSON,MALE
LUKE,MALE
NEAL,MALE
BURT,MALE
IKE,MALE
MYRON,MALE
TONY,MALE
CONRAD,MALE
JOEL,MALE
MATT,MALE
RILEY,MALE
VINCENT,MALE
EMORY,MALE
ISAIAH,MALE
NICK,MALE
EZRA,MALE
GREEN,MALE
JUAN,MALE
CLIFTON,MALE
LUCIUS,MALE
PORTER,MALE
ARNOLD,MALE
BUD,MALE
JEREMIAH,MALE
TAYLOR,MALE
FORREST,MALE
ROLAND,MALE
SPENCER,MALE
BURTON,MALE
DON,MALE
EMMET,MALE
GUSTAV,MALE
LOUIE,MALE
MORGAN,MALE
NED,MALE
VAN,MALE
AMBROSE,MALE
CHAUNCEY,MALE
ELISHA,MALE
FERDINAND,MALE
GENERAL,MALE
JULIAN,MALE
KENNETH,MALE
MITCHELL,MALE
ALLIE,MALE
JOSH,MALE
JUDSON,MALE
LYMAN,MALE
NAPOLEON,MALE
PEDRO,MALE
BERRY,MALE
DEWITT,MALE
ERVIN,MALE
FOREST,MALE
LYNN,MALE
PINK,MALE
RUBEN,MALE
SANFORD,MALE
WARD,MALE
DOUGLAS,MALE
OLE,MALE
OMER,MALE
ULYSSES,MALE
WALKER,MALE
WILBERT,MALE
ADELBERT,MALE
BENJIMAN,MALE
IVAN,MALE
JONAS,MALE
MAJOR,MALE
ABNER,MALE
ARCHIBALD,MALE
CALEB,MALE
CLINT,MALE
DUDLEY,MALE
GRANVILLE,MALE
KING,MALE
MARY,MALE
MERTON,MALE
ANTONIO,MALE
BENNIE,MALE
CARROLL,MALE
FREEMAN,MALE
JOSIAH,MALE
MILO,MALE
ROYAL,MALE
DICK,MALE
EARLE,MALE
ELZA,MALE
EMERSON,MALE
FLETCHER,MALE
JUDGE,MALE
LAURENCE,MALE
NEIL,MALE
ROGER,MALE
SETH,MALE
GLEN,MALE
HUGO,MALE
JIMMIE,MALE
JOHNNIE,MALE
WASHINGTON,MALE
ELWOOD,MALE
GUST,MALE
HARMON,MALE
JORDAN,MALE
SIMEON,MALE
WAYNE,MALE
WILBER,MALE
CLEM,MALE
EVAN,MALE
FREDERIC,MALE
IRWIN,MALE
JUNIUS,MALE
LAFAYETTE,MALE
LOREN,MALE
MADISON,MALE
MASON,MALE
ORVAL,MALE
ABRAM,MALE
AUBREY,MALE
ELLIOTT,MALE
HANS,MALE
KARL,MALE
MINOR,MALE
WASH,MALE
WILFRED,MALE
ALLAN,MALE
ALPHONSE,MALE
DALLAS,MALE
DEE,MALE
ISIAH,MALE
JASON,MALE
JOHNNY,MALE
LAWSON,MALE
LEW,MALE
MICHEAL,MALE
ORIN,MALE
ADDISON,MALE
CAL,MALE
ERASTUS,MALE
FRANCISCO,MALE
HARDY,MALE
LUCIEN,MALE
RANDOLPH,MALE
STEWART,MALE
VERN,MALE
WILMER,MALE
ZACK,MALE
ADRIAN,MALE
ALVAH,MALE
BERTRAM,MALE
CLAY,MALE
EPHRAIM,MALE
FRITZ,MALE
GILES,MALE
GROVER,MALE
HARRIS,MALE
ISOM,MALE
JESUS,MALE
JOHNIE,MALE
JONATHAN,MALE
LUCIAN,MALE
MALCOLM,MALE
MERRITT,MALE
OTHO,MALE
PERLEY,MALE
ROLLA,MALE
SANDY,MALE
TOMAS,MALE
WILFORD,MALE
ADOLPHUS,MALE
ANGUS,MALE
ARTHER,MALE
CARLOS,MALE
CARY,MALE
CASSIUS,MALE
DAVIS,MALE
HAMILTON,MALE
HARVE,MALE
ISRAEL,MALE
LEANDER,MALE
MELVILLE,MALE
MERLE,MALE
MURRAY,MALE
PLEASANT,MALE
STERLING,MALE
STEVEN,MALE
AXEL,MALE
BOYD,MALE
BRYANT,MALE
CLEMENT,MALE
ERWIN,MALE
EZEKIEL,MALE
FOSTER,MALE
FRANCES,MALE
GEO,MALE
HOUSTON,MALE
ISSAC,MALE
JULES,MALE
LARKIN,MALE
MAT,MALE
MORTON,MALE
ORLANDO,MALE
PIERCE,MALE
PRINCE,MALE
ROLLIE,MALE
ROLLIN,MALE
SIM,MALE
STUART,MALE
WILBURN,MALE
BENNETT,MALE
CASPER,MALE
CHRIST,MALE
DELL,MALE
EGBERT,MALE
ELMO,MALE
FAY,MALE
GABRIEL,MALE
HECTOR,MALE
HORATIO,MALE
LIGE,MALE
SAUL,MALE
SMITH,MALE
SQUIRE,MALE
TOBE,MALE
TOMMIE,MALE
WYATT,MALE
ALFORD,MALE
ALMA,MALE
ALTON,MALE
ANDRES,MALE
BURL,MALE
CICERO,MALE
DEAN,MALE
DORSEY,MALE
ENOS,MALE
HOWELL,MALE
LOU,MALE
LOYD,MALE
MAHLON,MALE
NAT,MALE
OMAR,MALE
ORAN,MALE
PARKER,MALE
RALEIGH,MALE
REGINALD,MALE
RUBIN,MALE
SEYMOUR,MALE
WM,MALE
YOUNG,MALE
BENJAMINE,MALE
CAREY,MALE
CARLTON,MALE
ELDRIDGE,MALE
ELZIE,MALE
GARRETT,MALE
ISHAM,MALE
JOHNSON,MALE
LARRY,MALE
LOGAN,MALE
MERRILL,MALE
MONT,MALE
OREN,MALE
PIERRE,MALE
REX,MALE
RODNEY,MALE
TED,MALE
WEBSTER,MALE
WEST,MALE
WHEELER,MALE
WILLAM,MALE
AL,MALE
ALOYSIUS,MALE
ALVIE,MALE
ANNA,MALE
ART,MALE
AUGUSTINE,MALE
BAILEY,MALE
BENJAMAN,MALE
BEVERLY,MALE
BISHOP,MALE
CLAIR,MALE
CLOYD,MALE
COLEMAN,MALE
DANA,MALE
DUNCAN,MALE
DWIGHT,MALE
EMILE,MALE
EVERT,MALE
HENDERSON,MALE
HUNTER,MALE
JEAN,MALE
LEM,MALE
LUIS,MALE
MATHIAS,MALE
MAYNARD,MALE
MIGUEL,MALE
MORTIMER,MALE
NELS,MALE
NORRIS,MALE
PAT,MALE
PHIL,MALE
RUSH,MALE
SANTIAGO,MALE
SOL,MALE
SYDNEY,MALE
THADDEUS,MALE
THORNTON,MALE
TIM,MALE
TRAVIS,MALE
TRUMAN,MALE
WATSON,MALE
WEBB,MALE
WELLINGTON,MALE
WINFRED,MALE
WYLIE,MALE
ALEC,MALE
BASIL,MALE
BAXTER,MALE
BERTRAND,MALE
BUFORD,MALE
BURR,MALE
CLEVELAND,MALE
COLONEL,MALE
DEMPSEY,MALE
EARLY,MALE
ELLSWORTH,MALE
FATE,MALE
FINLEY,MALE
GABE,MALE
GARLAND,MALE
GERALD,MALE
HERSCHEL,MALE
HEZEKIAH,MALE
JUSTUS,MALE
LINDSEY,MALE
MARCELLUS,MALE
OLAF,MALE
OLIN,MALE
PABLO,MALE
ROLLAND,MALE
TURNER,MALE
VERNE,MALE
VOLNEY,MALE
WILLIAMS,MALE
ALMON,MALE
ALOIS,MALE
ALONZA,MALE
ANSON,MALE
AUTHUR,MALE
BENTON,MALE
BILLIE,MALE
CORNELIOUS,MALE
DARIUS,MALE
DENIS,MALE
DILLARD,MALE
DOCTOR,MALE
ELVIN,MALE
EMMA,MALE
ERIC,MALE
EVANS,MALE
GIDEON,MALE
HAYWOOD,MALE
HILLIARD,MALE
HOSEA,MALE
LINCOLN,MALE
LONZO,MALE
LUCIOUS,MALE
LUM,MALE
MALACHI,MALE
NEWT,MALE
NOEL,MALE
ORIE,MALE
PALMER,MALE
PINKNEY,MALE
SHIRLEY,MALE
SUMNER,MALE
TERRY,MALE
URBAN,MALE
URIAH,MALE
VALENTINE,MALE
WALDO,MALE
WARNER,MALE
WONG,MALE
ZEB,MALE
ABEL,MALE
ALDEN,MALE
ARCHER,MALE
AVERY,MALE
CARSON,MALE
CULLEN,MALE
DOC,MALE
EBEN,MALE
ELIGE,MALE
ELIZABETH,MALE
ELMORE,MALE
ERNST,MALE
FINIS,MALE
FREDDIE,MALE
GODFREY,MALE
GUSS,MALE
HAMP,MALE
HERMANN,MALE
ISADORE,MALE
ISREAL,MALE
JONES,MALE
JUNE,MALE
LACY,MALE
LAFE,MALE
LELAND,MALE
LLEWELLYN,MALE
LUDWIG,MALE
MANFORD,MALE
MAXWELL,MALE
MINNIE,MALE
OBIE,MALE
OCTAVE,MALE
ORRIN,MALE
OSSIE,MALE
OSWALD,MALE
PARK,MALE
PARLEY,MALE
RAMON,MALE
RICE,MALE
STONEWALL,MALE
THEO,MALE
TILLMAN,MALE
ADDIE,MALE
ARON,MALE
ASHLEY,MALE
BERNHARD,MALE
BERTIE,MALE
BERTON,MALE
BUSTER,MALE
BUTLER,MALE
CARLETON,MALE
CARRIE,MALE
CLARA,MALE
CLARANCE,MALE
CLARE,MALE
CRAWFORD,MALE
DANIAL,MALE
DAYTON,MALE
DOLPHUS,MALE
ELDER,MALE
EPHRIAM,MALE
FAYETTE,MALE
FELIPE,MALE
FERNANDO,MALE
FLEM,MALE
FLORENCE,MALE
FORD,MALE
HARLAN,MALE
HAYES,MALE
HENERY,MALE
HOY,MALE
HUSTON,MALE
IDA,MALE
IVORY,MALE
JONAH,MALE
JUSTIN,MALE
LENARD,MALE
LEOPOLD,MALE
LIONEL,MALE
MANLEY,MALE
MARQUIS,MALE
MARSHAL,MALE
MART,MALE
ODIE,MALE
OLEN,MALE
ORAL,MALE
ORLEY,MALE
OTHA,MALE
PRESS,MALE
PRICE,MALE
QUINCY,MALE
RANDALL,MALE
RICH,MALE
RICHMOND,MALE
ROMEO,MALE
RUSSEL,MALE
RUTHERFORD,MALE
SHADE,MALE
SHELBY,MALE
SOLON,MALE
THURMAN,MALE
TILDEN,MALE
TROY,MALE
WOODSON,MALE
WORTH,MALE
ADEN,MALE
ALCIDE,MALE
ALF,MALE
ALGIE,MALE
ARLIE,MALE
BART,MALE
BEDFORD,MALE
BENITO,MALE
BILLY,MALE
BIRD,MALE
BIRT,MALE
BRUNO,MALE
BURLEY,MALE
CHANCY,MALE
CLAUS,MALE
CLIFF,MALE
CLOVIS,MALE
CONNIE,MALE
CREED,MALE
DELOS,MALE
DUKE,MALE
EBER,MALE
ELIGAH,MALE
ELLIOT,MALE
ELTON,MALE
EMMITT,MALE
GENE,MALE
GOLDEN,MALE
HAL,MALE
HARDIN,MALE
HARMAN,MALE
HERVEY,MALE
HOLLIS,MALE
IVEY,MALE
JENNIE,MALE
LEN,MALE
LINDSAY,MALE
LONIE,MALE
LYLE,MALE
MAC,MALE
MAL,MALE
MATH,MALE
MILLER,MALE
ORSON,MALE
OSBORNE,MALE
PERCIVAL,MALE
PLEAS,MALE
PLES,MALE
RAFAEL,MALE
RAOUL,MALE
RODERICK,MALE
ROSE,MALE
SHELTON,MALE
SID,MALE
THERON,MALE
TOBIAS,MALE
TONEY,MALE
TYLER,MALE
VANCE,MALE
VIVIAN,MALE
WALTON,MALE
WATT,MALE
WEAVER,MALE
WILTON,MALE
ADOLF,MALE
ALBIN,MALE
ALBION,MALE
ALLISON,MALE
ALPHA,MALE
ALPHEUS,MALE
ANASTACIO,MALE
ANDRE,MALE
ANNIE,MALE
ARLINGTON,MALE
ARMAND,MALE
ASBERRY,MALE
ASBURY,MALE
ASHER,MALE
AUGUSTIN,MALE
AUTHER,MALE
AUTHOR,MALE
BALLARD,MALE
BLAS,MALE
CAESAR,MALE
CANDIDO,MALE
CATO,MALE
CLARKE,MALE
CLEMENTE,MALE
COLIN,MALE
COMMODORE,MALE
CORA,MALE
COY,MALE
CRUZ,MALE
CURT,MALE
DAMON,MALE
DAVIE,MALE
DELMAR,MALE
DEXTER,MALE
DORA,MALE
DOSS,MALE
DREW,MALE
EDSON,MALE
ELAM,MALE
ELIHU,MALE
ELIZA,MALE
ELSIE,MALE
ERIE,MALE
ERNIE,MALE
ETHEL,MALE
FERD,MALE
FRIEND,MALE
GARRY,MALE
GARY,MALE
GRACE,MALE
GUSTAF,MALE
HALLIE,MALE
HAMPTON,MALE
HARRIE,MALE
HATTIE,MALE
HENCE,MALE
HILLARD,MALE
HOLLIE,MALE
HOLMES,MALE
HOPE,MALE
HYMAN,MALE
ISHMAEL,MALE
JARRETT,MALE
JESSEE,MALE
JOESEPH,MALE
JUNIOUS,MALE
KIRK,MALE
LEVY,MALE
MERVIN,MALE
MICHEL,MALE
MILFORD,MALE
MITCHEL,MALE
NELLIE,MALE
NOBLE,MALE
OBED,MALE
ODA,MALE
ORREN,MALE
OTTIS,MALE
RAFE,MALE
REDDEN,MALE
REESE,MALE
RUBE,MALE
RUBY,MALE
RUPERT,MALE
SALOMON,MALE
SAMMIE,MALE
SANDERS,MALE
SOLOMAN,MALE
STACY,MALE
STANFORD,MALE
STANTON,MALE
THAD,MALE
TITUS,MALE
TRACY,MALE
VERNIE,MALE
WENDELL,MALE
WILHELM,MALE
WILLIAN,MALE
YEE,MALE
ZEKE,MALE
AB,MALE
ABBOTT,MALE
AGUSTUS,MALE
ALBERTUS,MALE
ALMER,MALE
ALPHONSO,MALE
ALVIA,MALE
ARTIE,MALE
ARVID,MALE
ASHBY,MALE
AUGUSTA,MALE
AURTHUR,MALE
BABE,MALE
BALDWIN,MALE
BARNETT,MALE
BARTHOLOMEW,MALE
BARTON,MALE
BERNIE,MALE
BLAINE,MALE
BOSTON,MALE
BRAD,MALE
BRADFORD,MALE
BRADLEY,MALE
BROOKS,MALE
BUCK,MALE
BUDD,MALE
CEYLON,MALE
CHALMERS,MALE
CHESLEY,MALE
CHIN,MALE
CLEO,MALE
CROCKETT,MALE
CYRIL,MALE
DAISY,MALE
DENVER,MALE
DOW,MALE
DUFF,MALE
EDIE,MALE
EDITH,MALE
ELICK,MALE
ELIE,MALE
ELIGA,MALE
ELISEO,MALE
ELROY,MALE
ELY,MALE
ENNIS,MALE
ENRIQUE,MALE
ERASMUS,MALE
ESAU,MALE
EVERETTE,MALE
FIRMAN,MALE
FLEMING,MALE
FLORA,MALE
GARDNER,MALE
GEE,MALE
GORGE,MALE
GOTTLIEB,MALE
GREGORIO,MALE
GREGORY,MALE
GUSTAVUS,MALE
HALSEY,MALE
HANDY,MALE
HARDIE,MALE
HARL,MALE
HAYDEN,MALE
HAYS,MALE
HERMON,MALE
HERSHEL,MALE
HOLLY,MALE
HOSTEEN,MALE
HOYT,MALE
HUDSON,MALE
HUEY,MALE
HUMPHREY,MALE
HUNT,MALE
HYRUM,MALE
IRVEN,MALE
ISAM,MALE
IVY,MALE
JABEZ,MALE
JEWEL,MALE
JODIE,MALE
JUDD,MALE
JULIOUS,MALE
JUSTICE,MALE
KATHERINE,MALE
KELLY,MALE
KIT,MALE
KNUTE,MALE
LAVERN,MALE
LAWYER,MALE
LAYTON,MALE
BROWN,MALE
NEWELL,MALE
CARTER,MALE
LUCAS,MALE
RANSOM,MALE
BEE,MALE
MEYER,MALE
PARIS,MALE
BYRD,MALE
DEFOREST,MALE
DOLPH,MALE
HARPER,MALE
JULE,MALE
LAMBERT,MALE
MARGARET,MALE
OCIE,MALE
ORANGE,MALE
REECE,MALE
ROE,MALE
AMBERS,MALE
BESSIE,MALE
COLLINS,MALE
ELBRIDGE,MALE
ELDON,MALE
ELVIS,MALE
GASTON,MALE
GUADALUPE,MALE
HARTWELL,MALE
KNOX,MALE
LUE,MALE
MANNING,MALE
OLA,MALE
REED,MALE
SAMPSON,MALE
SAMUAL,MALE
THOS,MALE
TODD,MALE
TOMMY,MALE
UNKNOWN,MALE
WIRT,MALE
WOODIE,MALE
ALICE,MALE
ALVIS,MALE
AMMON,MALE
BOSS,MALE
CAS,MALE
CASS,MALE
CHALMER,MALE
DENTON,MALE
ELSWORTH,MALE
ERVING,MALE
FREDRIC,MALE
FURMAN,MALE
HELEN,MALE
PEARLIE,MALE
PLUMMER,MALE
PRESLEY,MALE
ROLLO,MALE
ROSWELL,MALE
RUFFUS,MALE
SHELDON,MALE
TILMAN,MALE
YORK,MALE
ACIE,MALE
ALFONSO,MALE
ASHTON,MALE
BURKE,MALE
CAP,MALE
CASIMIRO,MALE
COLLIE,MALE
CURLEY,MALE
DALE,MALE
DIXON,MALE
DOMINICK,MALE
GARRET,MALE
GERRIT,MALE
GRIFFIN,MALE
HALL,MALE
HEBER,MALE
HURLEY,MALE
ISIDORE,MALE
LORENZA,MALE
MARIAN,MALE
MAUD,MALE
MAUDE,MALE
MURPHY,MALE
OBE,MALE
ORLA,MALE
ORLO,MALE
ORRIE,MALE
SEBASTIAN,MALE
STARLING,MALE
TOLBERT,MALE
WHIT,MALE
ADRIEN,MALE
ALTO,MALE
ANGELO,MALE
ANTONE,MALE
ARDEN,MALE
ATTICUS,MALE
BELTON,MALE
BERTHA,MALE
BLAIR,MALE
BURRELL,MALE
CALLIE,MALE
CAMPBELL,MALE
CHAMP,MALE
COLEY,MALE
CONWAY,MALE
CRAIG,MALE
DALTON,MALE
DARRELL,MALE
DARWIN,MALE
DENNIE,MALE
EBB,MALE
EBBIE,MALE
EDNA,MALE
ELLISON,MALE
ELONZO,MALE
EMIT,MALE
EMRY,MALE
EPHRAM,MALE
ESEQUIEL,MALE
ESSIE,MALE
ESTA,MALE
EVERTT,MALE
GARNER,MALE
GARNETT,MALE
GRAHAM,MALE
GREGG,MALE
HALBERT,MALE
HARVIE,MALE
HARVY,MALE
HUBBARD,MALE
JARED,MALE
JERE,MALE
JOESPH,MALE
JOHNATHAN,MALE
JULUIS,MALE
KIRBY,MALE
KYLE,MALE
LANE,MALE
LAWERENCE,MALE
LESS,MALE
LINWOOD,MALE
LOUISE,MALE
LOWELL,MALE
LOY,MALE
LUCY,MALE
MANLY,MALE
MANNIE,MALE
MARCEL,MALE
MARIUS,MALE
MARRION,MALE
MERCER,MALE
MONTE,MALE
MONTGOMERY,MALE
NOLAN,MALE
OKEY,MALE
PAGE,MALE
PHILO,MALE
PRIMUS,MALE
PROSPER,MALE
PRYOR,MALE
RENE,MALE
ROBIN,MALE
ROLL,MALE
SEWARD,MALE
SHANNON,MALE
TALMAGE,MALE
VAUGHN,MALE
VERNER,MALE
WAVERLY,MALE
WELDON,MALE
WELLS,MALE
WILIAM,MALE
WING,MALE
WOOD,MALE
WRIGHT,MALE
ADD,MALE
ADELARD,MALE
CLEVE,MALE
LINUS,MALE
MARTHA,MALE
REINHOLD,MALE
JUNIOR,MALE
ACE,MALE
ARMSTEAD,MALE
BENEDICT,MALE
BRICE,MALE
GIBSON,MALE
MAY,MALE
MILLS,MALE
ADOLFO,MALE
ALANZO,MALE
ANTOINE,MALE
ETHAN,MALE
EUSTACE,MALE
EWING,MALE
FERNAND,MALE
FISHER,MALE
GAIL,MALE
HARLAND,MALE
HILARY,MALE
HOSIE,MALE
LEMON,MALE
LORA,MALE
MARSH,MALE
NEWMAN,MALE
NICKOLAS,MALE
OLIE,MALE
PEARLEY,MALE
ROMAN,MALE
ROME,MALE
ROWLAND,MALE
SHELLY,MALE
VICENTE,MALE
WESTON,MALE
ALAN,MALE
ALBERTO,MALE
ALEXIS,MALE
AUGUSTE,MALE
BASCOM,MALE
CAMERON,MALE
CAMILLE,MALE
CLABE,MALE
COOPER,MALE
DOMINGO,MALE
ELWIN,MALE
EMILIO,MALE
FRENCH,MALE
GERHARD,MALE
HANSFORD,MALE
JARVIS,MALE
JOBE,MALE
JOSEPHUS,MALE
LANDON,MALE
LENNIE,MALE
LEONIDAS,MALE
LESLEY,MALE
LILLIAN,MALE
LINN,MALE
LITTLETON,MALE
LONE,MALE
MARGARITO,MALE
MATTIE,MALE
MELTON,MALE
OTT,MALE
RANDLE,MALE
SEABORN,MALE
SEVERT,MALE
STEWARD,MALE
SYLVANUS,MALE
THEADORE,MALE
THEOPHILE,MALE
VESTER,MALE
WENZEL,MALE
ALBY,MALE
ALCEE,MALE
ALMOND,MALE
ALVY,MALE
AMON,MALE
ANSEL,MALE
BAYARD,MALE
BENNY,MALE
BLUFORD,MALE
BOOKER,MALE
BURNETT,MALE
BURNEY,MALE
CASWELL,MALE
CLAUDIE,MALE
CONLEY,MALE
CORTEZ,MALE
DIONICIO,MALE
DONNIE,MALE
ELDRED,MALE
ELL,MALE
ELLERY,MALE
ELLWOOD,MALE
ELVA,MALE
EMMIT,MALE
ERLE,MALE
ESSEX,MALE
EWELL,MALE
EWIN,MALE
FABIAN,MALE
FLORENCIO,MALE
FREMONT,MALE
GAINES,MALE
GARNET,MALE
GAYLORD,MALE
GERMAN,MALE
GREENE,MALE
BRADY,MALE
FESTUS,MALE
JEWELL,MALE
ODELL,MALE
ROSCO,MALE
BERNICE,MALE
CHAUNCY,MALE
DELMER,MALE
EFFIE,MALE
ELLIE,MALE
JIMMY,MALE
LARS,MALE
MILAS,MALE
MINER,MALE
ROGERS,MALE
SARAH,MALE
WESS,MALE
WOODY,MALE
BRYAN,MALE
DOUGLASS,MALE
HILTON,MALE
IRVINE,MALE
ISIDOR,MALE
JEPTHA,MALE
MABEL,MALE
MALCOM,MALE
MELL,MALE
OLOF,MALE
ROBT,MALE
RONALD,MALE
SIMPSON,MALE
SPURGEON,MALE
TANDY,MALE
THURLOW,MALE
TOY,MALE
WINSTON,MALE
ZENO,MALE
ALPHONSUS,MALE
ALVAN,MALE
AMADO,MALE
ANANIAS,MALE
ANCEL,MALE
ATLAS,MALE
BANKS,MALE
BARRY,MALE
BLAKE,MALE
BLANCHARD,MALE
BOSE,MALE
CAPTAIN,MALE
CEASAR,MALE
CHANCE,MALE
CHANCEY,MALE
CHARLE,MALE
CLIDE,MALE
DINK,MALE
ELLA,MALE
EMETT,MALE
ERICK,MALE
ESTILL,MALE
FENTON,MALE
GALE,MALE
GAY,MALE
GROVE,MALE
HANSON,MALE
HARLIE,MALE
HARLOW,MALE
HASKELL,MALE
INGRAM,MALE
IVA,MALE
JEP,MALE
JOY,MALE
LESSIE,MALE
LILLIE,MALE
LINTON,MALE
LINZY,MALE
LITTLE,MALE
LONEY,MALE
LORING,MALE
LOVIE,MALE
LUTE,MALE
MACE,MALE
MATTHIAS,MALE
MEREDITH,MALE
BENJAMEN,MALE
JENS,MALE
OAKLEY,MALE
WHITNEY,MALE
DONACIANO,MALE
HAYWARD,MALE
LORAN,MALE
LOVE,MALE
SON,MALE
TOLLIE,MALE
VOLLIE,MALE
BONNIE,MALE
CATHERINE,MALE
EBENEZER,MALE
EWALD,MALE
HERB,MALE
JULIA,MALE
SILVESTER,MALE
STAFFORD,MALE
SULLIVAN,MALE
THURSTON,MALE
WAYMAN,MALE
WES,MALE
WINNIE,MALE
BURREL,MALE
CLEON,MALE
DOZIER,MALE
ELDEN,MALE
FULTON,MALE
HELMER,MALE
HILL,MALE
HJALMER,MALE
IGNATZ,MALE
KELLEY,MALE
MARLIN,MALE
MOODY,MALE
MYRTLE,MALE
NAMON,MALE
ODIN,MALE
ODIS,MALE
OLEY,MALE
OSBORN,MALE
OSIE,MALE
PRENTICE,MALE
PURL,MALE
ROBY,MALE
SHEP,MALE
SIMMIE,MALE
STANISLAUS,MALE
VANDER,MALE
ZOLLIE,MALE
ABB,MALE
AH,MALE
ALECK,MALE
BEECHER,MALE
BLAIN,MALE
BOWMAN,MALE
BUNK,MALE
BURGESS,MALE
CAROL,MALE
CHARLY,MALE
CLELL,MALE
CODY,MALE
LAMAR,MALE
WORLEY,MALE
ARLEY,MALE
NICOLAS,MALE
TERENCE,MALE
CLAIRE,MALE
EARLEY,MALE
ELZY,MALE
FIELDING,MALE
GERTRUDE,MALE
NORA,MALE
NORTON,MALE
CLEMENS,MALE
EARLIE,MALE
ELLEN,MALE
EPIFANIO,MALE
GLOVER,MALE
LARK,MALE
LAURANCE,MALE
LEIGH,MALE
BRAXTON,MALE
CLEAVE,MALE
COLON,MALE
CONSTANTINE,MALE
DOMINIC,MALE
EMILIANO,MALE
FLEET,MALE
FRANKLYN,MALE
HOBART,MALE
JOSEPHINE,MALE
LAVERNE,MALE
LILLARD,MALE
LIM,MALE
MERLIN,MALE
MILAN,MALE
NIM,MALE
NORBERT,MALE
NORTH,MALE
ORLAND,MALE
ORVIS,MALE
REASON,MALE
ROB,MALE
VIRGE,MALE
ZENAS,MALE
ADA,MALE
ALEJANDRO,MALE
ATHA,MALE
AUDIE,MALE
BOYCE,MALE
BRENT,MALE
BURDETTE,MALE
CASH,MALE
CHASE,MALE
CLIVE,MALE
COURTNEY,MALE
CRIS,MALE
DAWSON,MALE
DRURY,MALE
DUANE,MALE
ELON,MALE
ESTEVAN,MALE
FITZHUGH,MALE
FOUNT,MALE
GRAY,MALE
TERRENCE,MALE
BARTLEY,MALE
SHEDRICK,MALE
DIXIE,MALE
IGNACIO,MALE
MERL,MALE
NEHEMIAH,MALE
NORWOOD,MALE
RAPHAEL,MALE
RENO,MALE
RUDY,MALE
RUEBEN,MALE
SYLVAN,MALE
VIRGLE,MALE
CHARLS,MALE
COLE,MALE
ELBY,MALE
FERMAN,MALE
FERN,MALE
FLORIAN,MALE
FULLER,MALE
GORDEN,MALE
GUSSIE,MALE
HAM,MALE
HAZEL,MALE
IGNATIUS,MALE
JOAQUIN,MALE
LACEY,MALE
LAURIE,MALE
LILBURN,MALE
LOVELL,MALE
LOVETT,MALE
MALVIN,MALE
MANSON,MALE
PRATT,MALE
REID,MALE
RUFFIN,MALE
TOMIE,MALE
VINCE,MALE
WAYLAND,MALE
ACEY,MALE
ALGER,MALE
ALGERNON,MALE
AMASA,MALE
AMIL,MALE
BARRETT,MALE
BRITT,MALE
BURNS,MALE
CALHOUN,MALE
CHRISTY,MALE
CLETUS,MALE
COLBERT,MALE
COURTLAND,MALE
MYLES,MALE
IRL,MALE
BENSON,MALE
NORVAL,MALE
ARMOND,MALE
FRAZIER,MALE
THOMPSON,MALE
ALFREDO,MALE
GRADY,MALE
LORENZ,MALE
PEYTON,MALE
SELDON,MALE
ETHELBERT,MALE
EVA,MALE
GILMAN,MALE
HENRI,MALE
IVER,MALE
LAURA,MALE
LEONCE,MALE
MAMIE,MALE
ORION,MALE
OTTIE,MALE
RUDOLF,MALE
SELMER,MALE
SHEPHERD,MALE
YANCY,MALE
ABBIE,MALE
AGNES,MALE
ARNIE,MALE
ARVIN,MALE
BLANCHE,MALE
BLISS,MALE
CASSIE,MALE
DEWEY,MALE
DIEGO,MALE
DORR,MALE
EDMON,MALE
ESTES,MALE
GILFORD,MALE
GRAVES,MALE
HILLERY,MALE
LAUREL,MALE
CARLISLE,MALE
HUGHIE,MALE
ORVEL,MALE
ANGEL,MALE
HORTON,MALE
LENA,MALE
MARIE,MALE
WAYMON,MALE
ARNO,MALE
BURNIE,MALE
ELGIE,MALE
FANNIE,MALE
FELTON,MALE
KEITH,MALE
MAXIE,MALE
NILS,MALE
SIE,MALE
SONNY,MALE
VERE,MALE
VIRGIE,MALE
BENJMAN,MALE
BERNARDO,MALE
CASEY,MALE
CELESTINO,MALE
CEPHUS,MALE
DELLA,MALE
HART,MALE
HILLARY,MALE
HILMER,MALE
HOLLAND,MALE
JACQUES,MALE
JOHNY,MALE
JORDON,MALE
JULIEN,MALE
JULIO,MALE
KAY,MALE
LE,MALE
LEEROY,MALE
LISTON,MALE
LOTT,MALE
DOYLE,MALE
GERARD,MALE
ALFONZO,MALE
CARLIE,MALE
BRANCH,MALE
BUSH,MALE
ELGIN,MALE
FEDERICO,MALE
FRANZ,MALE
GOVERNOR,MALE
MAURY,MALE
NANCY,MALE
SALVATORE,MALE
WERNER,MALE
EDW,MALE
ERNESTO,MALE
FED,MALE
FOY,MALE
GALEN,MALE
GENIE,MALE
HJALMAR,MALE
LAWTON,MALE
LEVIN,MALE
LISH,MALE
PASCAL,MALE
POSEY,MALE
REDMOND,MALE
ROSENDO,MALE
TALMADGE,MALE
WINFORD,MALE
ABIE,MALE
ALTA,MALE
ALVER,MALE
ANATOLE,MALE
BOBBIE,MALE
BOONE,MALE
BUELL,MALE
CLAIBORNE,MALE
LOYAL,MALE
EDUARDO,MALE
MAGGIE,MALE
NEEDHAM,MALE
MANSFIELD,MALE
RAS,MALE
GUILFORD,MALE
SING,MALE
XAVIER,MALE
CHARLTON,MALE
EULA,MALE
MCKINLEY,MALE
POLK,MALE
SHELLIE,MALE
BENTLEY,MALE
CLAUDIUS,MALE
CONARD,MALE
CORNELL,MALE
ESTER,MALE
ESTHER,MALE
MAE,MALE
MILDRED,MALE
NEELY,MALE
OWENS,MALE
RANCE,MALE
RED,MALE
ROBBIE,MALE
SIGURD,MALE
TEDDY,MALE
VAL,MALE
ALMUS,MALE
SHERIDAN,MALE
LORIN,MALE
CARMINE,MALE
JONNIE,MALE
KENT,MALE
MURL,MALE
RICARDO,MALE
WILFRID,MALE
ADLAI,MALE
BUDDIE,MALE
BURK,MALE
DESSIE,MALE
EDISON,MALE
GIFFORD,MALE
GOLDIE,MALE
HURBERT,MALE
IVERSON,MALE
JOB,MALE
LEAMON,MALE
OLIVE,MALE
POWELL,MALE
REXFORD,MALE
ROMA,MALE
ROMIE,MALE
VICK,MALE
WALDEMAR,MALE
ZEBULON,MALE
ALFERD,MALE
ALGOT,MALE
ALPHONS,MALE
AUDLEY,MALE
BARNARD,MALE
BERKLEY,MALE
BETHEL,MALE
CAROLINE,MALE
CORBETT,MALE
RUTH,MALE
FIDEL,MALE
GUILLERMO,MALE
MURRY,MALE
REUBIN,MALE
ROCCO,MALE
SAMSON,MALE
WESTLEY,MALE
ALBA,MALE
IRENE,MALE
MURDOCK,MALE
NOLEN,MALE
ROYCE,MALE
RUEL,MALE
WILLAIM,MALE
BERYL,MALE
BEULAH,MALE
BURLEIGH,MALE
CARROL,MALE
CON,MALE
DILLON,MALE
EBERT,MALE
ENCARNACION,MALE
CEDRIC,MALE
ESTEL,MALE
MAYO,MALE
SHELLEY,MALE
THORWALD,MALE
DURWARD,MALE
LUSTER,MALE
ARNETT,MALE
AUBRA,MALE
AVON,MALE
BOLDEN,MALE
DANNIE,MALE
ELEX,MALE
FERRIS,MALE
JEFFIE,MALE
LEXIE,MALE
LINK,MALE
MOISES,MALE
MYER,MALE
CARLYLE,MALE
ARVEL,MALE
ERBY,MALE
FLOY,MALE
HUGHEY,MALE
OVID,MALE
ALSTON,MALE
AUDREY,MALE
BUDDY,MALE
CLEMMIE,MALE
CLEMON,MALE
DOROTHY,MALE
EINAR,MALE
GURNEY,MALE
HEBERT,MALE
HEZZIE,MALE
KURT,MALE
LOIS,MALE
LULA,MALE
MEARL,MALE
ODDIE,MALE
RAMSEY,MALE
VINTON,MALE
ZED,MALE
AUDY,MALE
BARNIE,MALE
DONAT,MALE
EMMONS,MALE
ERICH,MALE
ESLEY,MALE
ESTON,MALE
ROOSEVELT,MALE
HARTLEY,MALE
JENNINGS,MALE
HOBERT,MALE
MONTIE,MALE
RAE,MALE
ARVIL,MALE
CASIMER,MALE
ELWYN,MALE
EVANDER,MALE
GAITHER,MALE
GRAFTON,MALE
GUTHRIE,MALE
JETTIE,MALE
LANNIE,MALE
LEA,MALE
MOE,MALE
NESTOR,MALE
OVILA,MALE
REYNOLD,MALE
REYNOLDS,MALE
SUSIE,MALE
TRUE,MALE
ALWIN,MALE
CASIMIR,MALE
VERGIL,MALE
HAZEN,MALE
SIGMUND,MALE
SAINT,MALE
SILVER,MALE
EUGENIO,MALE
LISLE,MALE
MILBURN,MALE
CARMEN,MALE
ORRIS,MALE
RAYFORD,MALE
RAYMON,MALE
VIRGEL,MALE
ALOYS,MALE
CAM,MALE
HALE,MALE
NILE,MALE
OFFIE,MALE
OPAL,MALE
ROSA,MALE
WARDELL,MALE
WILLY,MALE
ACY,MALE
ARTHOR,MALE
BOYSIE,MALE
BRITTON,MALE
ORIS,MALE
GLADYS,MALE
GEORGIA,MALE
BRYON,MALE
ELVIE,MALE
FRANKIE,MALE
MARIO,MALE
PASQUALE,MALE
RHODA,MALE
ROSSIE,MALE
SHERWOOD,MALE
BUEL,MALE
CLEARENCE,MALE
DABNEY,MALE
DIAMOND,MALE
DORRIS,MALE
EVERET,MALE
EZELL,MALE
HOBSON,MALE
ADMIRAL,MALE
SHAFTER,MALE
MACEO,MALE
SCHLEY,MALE
EWART,MALE
PATSY,MALE
ARBA,MALE
ORVIL,MALE
ADAMS,MALE
COLLIER,MALE
GAYLE,MALE
GLADSTONE,MALE
HILARIO,MALE
KATHRYN,MALE
MICKEY,MALE
ODUS,MALE
VERNAL,MALE
VON,MALE
HAVEN,MALE
WILLIARD,MALE
STEPHAN,MALE
COLLIS,MALE
GRIFFITH,MALE
JETHRO,MALE
VIC,MALE
VIOLA,MALE
BAKER,MALE
BEATRICE,MALE
BYNUM,MALE
COLVIN,MALE
DORIS,MALE
ELIZAH,MALE
EUNICE,MALE
LEIGHTON,MALE
LINNIE,MALE
LIZZIE,MALE
ROSEVELT,MALE
FARRIS,MALE
LEMMIE,MALE
ESTELL,MALE
GOEBEL,MALE
TALLIE,MALE
ARLO,MALE
ARTIS,MALE
COLLIN,MALE
EDDY,MALE
HESTER,MALE
LAUREN,MALE
LUPE,MALE
OZIE,MALE
SALVADOR,MALE
SANTOS,MALE
SCHUYLER,MALE
ARTURO,MALE
DONOVAN,MALE
KERMIT,MALE
EINO,MALE
OLAN,MALE
DANNY,MALE
LOLA,MALE
ESCO,MALE
JOSEF,MALE
LANCE,MALE
LEONA,MALE
MATHEWS,MALE
OVA,MALE
PATE,MALE
REGIS,MALE
ROSARIO,MALE
VITO,MALE
ADRON,MALE
ANCIL,MALE
ARLAND,MALE
BUREN,MALE
ERLAND,MALE
JOHNEY,MALE
CLARNCE,MALE
GARVIN,MALE
AGUSTIN,MALE
NATHEN,MALE
ONEAL,MALE
VERNA,MALE
VICTORIANO,MALE
DOLL,MALE
GEORGIE,MALE
HEYWARD,MALE
IVOR,MALE
MYRL,MALE
BECKHAM,MALE
THEDORE,MALE
THELMA,MALE
TRINIDAD,MALE
VERL,MALE
EVELYN,MALE
HERSHELL,MALE
MARTY,MALE
ROBERTO,MALE
TEDDIE,MALE
TERRELL,MALE
HILBERT,MALE
LENON,MALE
LENORD,MALE
OZZIE,MALE
PORFIRIO,MALE
SAMMY,MALE
RAYFIELD,MALE
WAINO,MALE
CLEMENCE,MALE
HARM,MALE
JAMIE,MALE
VINCENZO,MALE
WELTON,MALE
ADRAIN,MALE
ARBIE,MALE
BETTY,MALE
BOBBY,MALE
DESMOND,MALE
DOMENIC,MALE
DUARD,MALE
RAUL,MALE
SEVERO,MALE
TOBIE,MALE
COUNCIL,MALE
DOMENICK,MALE
DARREL,MALE
GRAYDON,MALE
FREDIE,MALE
ELIOT,MALE
HOKE,MALE
PAULINE,MALE
TYREE,MALE
ARNE,MALE
BELL,MALE
CARLO,MALE
HANSEL,MALE
JILES,MALE
LEONARDO,MALE
QUENTIN,MALE
TOBY,MALE
VERLIN,MALE
WINTHROP,MALE
DOMENICO,MALE
HARROLD,MALE
LUCILLE,MALE
RYAN,MALE
BENARD,MALE
QUINTON,MALE
RODOLFO,MALE
ARMANDO,MALE
DELMAS,MALE
DENZIL,MALE
LUCIANO,MALE
LYNDON,MALE
VERA,MALE
TAFT,MALE
DELPHIN,MALE
RODGER,MALE
WOODROW,MALE
BURNICE,MALE
GIOVANNI,MALE
AMERICO,MALE
ARDELL,MALE
DELMUS,MALE
GILMER,MALE
LUCIO,MALE
MARIANO,MALE
OGDEN,MALE
OLAND,MALE
PRENTISS,MALE
SAMIE,MALE
HADLEY,MALE
FRANCESCO,MALE
TOIVO,MALE
ROBLEY,MALE
VERLE,MALE
FARRELL,MALE
NATHANIAL,MALE
REYES,MALE
ELEANOR,MALE
EMMANUEL,MALE
ESKER,MALE
FLORENTINO,MALE
GAETANO,MALE
LEVIE,MALE
GUIDO,MALE
AURELIO,MALE
CURTISS,MALE
OTHEL,MALE
SANTO,MALE
HARRELL,MALE
LENWOOD,MALE
LEOPOLDO,MALE
DANTE,MALE
ANN,MALE
HALLEY,MALE
REINO,MALE
CARMELO,MALE
WYMAN,MALE
SILVIO,MALE
COLIE,MALE
ALFONSE,MALE
ALDO,MALE
AMERIGO,MALE
ENRICO,MALE
GASPER,MALE
ATTILIO,MALE
WOODROE,MALE
NUNZIO,MALE
BURNELL,MALE
ERLING,MALE
GILBERTO,MALE
GLENDON,MALE
LARUE,MALE
MASAO,MALE
NEVIN,MALE
ARMIN,MALE
TYRUS,MALE
KENDALL,MALE
GAROLD,MALE
GENNARO,MALE
COSMO,MALE
LUIGI,MALE
HYMEN,MALE
DONATO,MALE
MELBOURNE,MALE
MERWIN,MALE
WINTON,MALE
GINO,MALE
GLENWOOD,MALE
GENO,MALE
GLYNN,MALE
NELLO,MALE
DURWOOD,MALE
GILMORE,MALE
SAVERIO,MALE
GARTH,MALE
HIROSHI,MALE
ARLIN,MALE
YOSHIO,MALE
ARVO,MALE
DEWARD,MALE
HUGHES,MALE
TATSUO,MALE
JERALD,MALE
ZIGMUND,MALE
GERHARDT,MALE
LYNWOOD,MALE
BERLIN,MALE
MERLYN,MALE
PERSHING,MALE
HIDEO,MALE
NORMAND,MALE
ORVIN,MALE
JOYCE,MALE
MINORU,MALE
FOCH,MALE
BRYCE,MALE
CARMEL,MALE
MARCO,MALE
WINIFRED,MALE
EDSEL,MALE
QUINTEN,MALE
KIYOSHI,MALE
THERMAN,MALE
KAZUO,MALE
METRO,MALE
LADDIE,MALE
HARDING,MALE
KENNITH,MALE
ELOY,MALE
DARYL,MALE
RAYBURN,MALE
JON,MALE
DEWAYNE,MALE
MARCOS,MALE
KEVIN,MALE
HARDEN,MALE
DELTON,MALE
REYNALDO,MALE
DONAL,MALE
TOSHIO,MALE
DWAYNE,MALE
ZANE,MALE
LUVERNE,MALE
JACKIE,MALE
RAMIRO,MALE
HARLEN,MALE
DEANE,MALE
DWAIN,MALE
BORIS,MALE
DORMAN,MALE
COOLIDGE,MALE
REFUGIO,MALE
DAROLD,MALE
DONN,MALE
FAUSTINO,MALE
BRIAN,MALE
MELVYN,MALE
ESTEBAN,MALE
FREDDY,MALE
VIRGINIA,MALE
MARLYN,MALE
KEN,MALE
DWAINE,MALE
GEARLD,MALE
VALENTINO,MALE
LINDY,MALE
LINDBERGH,MALE
SHOJI,MALE
DENNY,MALE
GONZALO,MALE
JORGE,MALE
JERROLD,MALE
AKIRA,MALE
MARIA,MALE
HOOVER,MALE
JEROLD,MALE
ARLEN,MALE
RONNIE,MALE
MARCELINO,MALE
VERLYN,MALE
ISMAEL,MALE
FIDENCIO,MALE
DOLORES,MALE
ADAN,MALE
DAVEY,MALE
DERALD,MALE
BARBARA,MALE
HUMBERTO,MALE
JOAN,MALE
SHERWIN,MALE
LAVON,MALE
DUWAYNE,MALE
GENARO,MALE
KENNY,MALE
ROGELIO,MALE
ROLF,MALE
ARNULFO,MALE
GERRY,MALE
DERL,MALE
GEROLD,MALE
ARLAN,MALE
PATRICIA,MALE
DINO,MALE
WALLY,MALE
MERVYN,MALE
ALLYN,MALE
MONTY,MALE
DICKIE,MALE
JAN,MALE
ARLIS,MALE
KAYE,MALE
KENTON,MALE
SHERRILL,MALE
DARL,MALE
RAYMUNDO,MALE
DELANO,MALE
TERRANCE,MALE
RONNY,MALE
CHUCK,MALE
ORLIN,MALE
GLORIA,MALE
DARRYL,MALE
MARC,MALE
SAL,MALE
STAN,MALE
CORDELL,MALE
DARVIN,MALE
DERRELL,MALE
JAME,MALE
JACKY,MALE
LANNY,MALE
RON,MALE
MARLAND,MALE
ARLYN,MALE
JERRELL,MALE
JEFFREY,MALE
VALENTIN,MALE
KERRY,MALE
FERRELL,MALE
GAYLON,MALE
JERREL,MALE
DARWYN,MALE
DWANE,MALE
RANDY,MALE
IAN,MALE
DELWIN,MALE
GUSTAVO,MALE
VERLON,MALE
VERNELL,MALE
DELMA,MALE
WINDELL,MALE
KIM,MALE
ERROL,MALE
REGGIE,MALE
GEOFFREY,MALE
MEL,MALE
SERGIO,MALE
DEL,MALE
DONNELL,MALE
TYRONE,MALE
SHARON,MALE
DONNY,MALE
DOUG,MALE
MARILYN,MALE
CAROLYN,MALE
DELVIN,MALE
JANET,MALE
LEVON,MALE
OZELL,MALE
GAYLEN,MALE
LAMONT,MALE
TEX,MALE
LONNY,MALE
AUTRY,MALE
RONDAL,MALE
RANDAL,MALE
DION,MALE
GREG,MALE
SANDRA,MALE
JUDITH,MALE
SCOTTY,MALE
RONAL,MALE
JEFFERY,MALE
RANDELL,MALE
JOEY,MALE
NICKY,MALE
LEONEL,MALE
HARLON,MALE
LAWRANCE,MALE
LINDA,MALE
BARRIE,MALE
DARNELL,MALE
ISIDRO,MALE
WILKIE,MALE
RICK,MALE
RICKY,MALE
DONNA,MALE
JANICE,MALE
JAVIER,MALE
WENDEL,MALE
ERIK,MALE
LINDELL,MALE
JUDY,MALE
JEFFRY,MALE
KAREN,MALE
BRENDAN,MALE
DARELL,MALE
MCARTHUR,MALE
MACARTHUR,MALE
RICKEY,MALE
ROD,MALE
NILES,MALE
JEREMY,MALE
SUSAN,MALE
WALT,MALE
LARY,MALE
JAIME,MALE
NOE,MALE
ROCKY,MALE
DEREK,MALE
LES,MALE
TERRILL,MALE
RUSS,MALE
TIMMY,MALE
BUTCH,MALE
SEAN,MALE
LINDEN,MALE
RODDY,MALE
RICKIE,MALE
LENNY,MALE
RUSTY,MALE
DANE,MALE
GEARY,MALE
EUSEBIO,MALE
GAREY,MALE
LUCKY,MALE
GERARDO,MALE
GIL,MALE
RICHIE,MALE
CARNELL,MALE
CHAD,MALE
HANK,MALE
DORIAN,MALE
ROLANDO,MALE
KIP,MALE
MIKEL,MALE
JONATHON,MALE
STEVAN,MALE
KRIS,MALE
JODY,MALE
LYN,MALE
ZACHARY,MALE
BRETT,MALE
PATRIC,MALE
RORY,MALE
RAND,MALE
ROBBY,MALE
CORNEL,MALE
SHAWN,MALE
SKIP,MALE
RANDEL,MALE
JED,MALE
DIRK,MALE
BROCK,MALE
DERYL,MALE
STEVIE,MALE
DERRICK,MALE
JEREL,MALE
CESAR,MALE
BARON,MALE
KATHLEEN,MALE
STEFAN,MALE
DONELL,MALE
COREY,MALE
KELVIN,MALE
EZZARD,MALE
TOD,MALE
SHAUN,MALE
BRANT,MALE
SCOT,MALE
EFRAIN,MALE
STACEY,MALE
BRANDON,MALE
MARLON,MALE
JORY,MALE
LAYNE,MALE
DANNIEL,MALE
MICHIAL,MALE
RITCHIE,MALE
EDWARDO,MALE
KIMBERLY,MALE
RICKI,MALE
KURTIS,MALE
CORY,MALE
DEBORAH,MALE
SCOTTIE,MALE
ERASMO,MALE
RUDOLFO,MALE
LEX,MALE
RODRICK,MALE
DARYLE,MALE
GREGGORY,MALE
DARREN,MALE
MIKEAL,MALE
TRENT,MALE
MICHAL,MALE
THEODIS,MALE
DAMIAN,MALE
KIMBALL,MALE
MICHALE,MALE
WILFREDO,MALE
SHANE,MALE
ROBBIN,MALE
KRAIG,MALE
KIRT,MALE
CHIP,MALE
RANDOLF,MALE
BRET,MALE
ANTONY,MALE
BRADLY,MALE
FARON,MALE
BLAISE,MALE
ALVARO,MALE
RICCI,MALE
DUSTY,MALE
DEBRA,MALE
ROCK,MALE
KEVEN,MALE
GAVIN,MALE
KEVAN,MALE
BLANE,MALE
DEMETRIUS,MALE
RAHN,MALE
BARRON,MALE
HERIBERTO,MALE
JUDE,MALE
LEVERN,MALE
DARCY,MALE
MICKY,MALE
KENNARD,MALE
DAVY,MALE
TAD,MALE
RHETT,MALE
TY,MALE
MITCH,MALE
JEFFEREY,MALE
DANN,MALE
TIMMOTHY,MALE
BRODERICK,MALE
DERWIN,MALE
CHET,MALE
QUINTIN,MALE
TIMMIE,MALE
TAB,MALE
TRACEY,MALE
JACE,MALE
KEM,MALE
BRION,MALE
ANDREA,MALE
CYNTHIA,MALE
KENNTH,MALE
RENALDO,MALE
DESI,MALE
RENARD,MALE
TREVOR,MALE
KENNEY,MALE
BRIEN,MALE
CHEYENNE,MALE
DERICK,MALE
ROBB,MALE
DEVIN,MALE
KERWIN,MALE
GRAYLING,MALE
QUINN,MALE
WAYDE,MALE
MAVERICK,MALE
TOBIN,MALE
KRISTOPHER,MALE
KEENAN,MALE
DIANE,MALE
CHERYL,MALE
REINALDO,MALE
JAMEY,MALE
DARRIN,MALE
FLINT,MALE
DARIN,MALE
DAREN,MALE
EFREM,MALE
KIETH,MALE
MICAH,MALE
ANDRA,MALE
CHAIM,MALE
RAYNARD,MALE
LEIF,MALE
KENNEDY,MALE
LISA,MALE
DARRICK,MALE
DARRY,MALE
ROEL,MALE
DARRON,MALE
DARRYLE,MALE
STEPHON,MALE
DARRYLL,MALE
BRENDA,MALE
DEVON,MALE
ARNOLDO,MALE
KORY,MALE
REGAN,MALE
BROOK,MALE
SHAYNE,MALE
LORNE,MALE
PARRISH,MALE
DRAKE,MALE
NORBERTO,MALE
KALVIN,MALE
PERNELL,MALE
MARKUS,MALE
THOR,MALE
OSVALDO,MALE
ANIBAL,MALE
DARON,MALE
DEON,MALE
EDGARDO,MALE
GEOFF,MALE
TAMMY,MALE
JAYSON,MALE
RODRIGO,MALE
TYRON,MALE
DWYANE,MALE
STONEY,MALE
TAL,MALE
JAIMIE,MALE
TRENTON,MALE
ANDREAS,MALE
VINSON,MALE
PAMELA,MALE
ERIN,MALE
MAURICIO,MALE
RIGOBERTO,MALE
RODERIC,MALE
DESTRY,MALE
DERON,MALE
FITZGERALD,MALE
QUINT,MALE
KIPP,MALE
TREY,MALE
KENDRICK,MALE
DERIC,MALE
TERANCE,MALE
ANTONIA,MALE
SHON,MALE
DARYN,MALE
DARIEN,MALE
DARRYN,MALE
TRACE,MALE
DARIAN,MALE
DARIO,MALE
CHADWICK,MALE
BRAIN,MALE
REGINAL,MALE
HEATH,MALE
JARROD,MALE
MICHELLE,MALE
ILLYA,MALE
BRENTON,MALE
MICHELE,MALE
DYLAN,MALE
EFREN,MALE
ARRON,MALE
TYSON,MALE
CEDRICK,MALE
DERECK,MALE
BRENNAN,MALE
JERROD,MALE
GARRICK,MALE
JENNIFER,MALE
ANGELA,MALE
CLAUDIO,MALE
DERIK,MALE
OCTAVIO,MALE
ALFIE,MALE
BRENDON,MALE
KRISTIAN,MALE
SHAD,MALE
ARIEL,MALE
LIAM,MALE
TINA,MALE
BEAU,MALE
GIUSEPPE,MALE
FRANCO,MALE
DUSTIN,MALE
JAMAL,MALE
DAMIEN,MALE
WAYLON,MALE
COLBY,MALE
DAMION,MALE
BRENDEN,MALE
KOREY,MALE
TYE,MALE
RICO,MALE
DARBY,MALE
MELISSA,MALE
ANTHONEY,MALE
JADE,MALE
LAMONTE,MALE
SHAN,MALE
JOHNATHON,MALE
TORY,MALE
TREVER,MALE
LAZARO,MALE
JEMAL,MALE
JAMISON,MALE
ARIC,MALE
ARI,MALE
DONAVAN,MALE
TORREY,MALE
TORRANCE,MALE
SHANON,MALE
CHANDLER,MALE
ALI,MALE
CORWIN,MALE
AMY,MALE
JAMESON,MALE
DEMETRIOS,MALE
JASEN,MALE
DAVIN,MALE
CALE,MALE
JERMAINE,MALE
MALIK,MALE
JEROMY,MALE
JAMMIE,MALE
CHE,MALE
BRONSON,MALE
DAX,MALE
BRANDT,MALE
KENYATTA,MALE
ANTIONE,MALE
LARON,MALE
ANTWAN,MALE
BRANDEN,MALE
DEDRIC,MALE
JAYME,MALE
KELSEY,MALE
TORRENCE,MALE
SHEA,MALE
KENYON,MALE
KRISTIN,MALE
SHAY,MALE
CORBIN,MALE
CRISTOPHER,MALE
JERAMY,MALE
BRADEN,MALE
KENYA,MALE
DEDRICK,MALE
TATE,MALE
GERMAINE,MALE
NIGEL,MALE
JEROD,MALE
CHRISTOPER,MALE
CHADD,MALE
JAROD,MALE
TRISTAN,MALE
BRANNON,MALE
JEREMEY,MALE
DEANDRE,MALE
KILEY,MALE
DONAVON,MALE
SEDRICK,MALE
HASSAN,MALE
JAMEL,MALE
JERAMIE,MALE
MARCELO,MALE
COBY,MALE
DESHAWN,MALE
TORIANO,MALE
KWAME,MALE
KASEY,MALE
DEMIAN,MALE
KRISTOFER,MALE
PAULO,MALE
DONTE,MALE
JARRED,MALE
DEMOND,MALE
KAREEM,MALE
VIDAL,MALE
ZACHARIAH,MALE
JAMAR,MALE
ABDUL,MALE
JERMAIN,MALE
TREMAYNE,MALE
JEREMIE,MALE
MARLO,MALE
LASHAWN,MALE
BRANDY,MALE
JOSUE,MALE
JABBAR,MALE
KRISTOFFER,MALE
DIALLO,MALE
TITO,MALE
DAMOND,MALE
NICOLE,MALE
DAMEON,MALE
RAHSAAN,MALE
NATHANAEL,MALE
ABELARDO,MALE
CADE,MALE
VASHON,MALE
TAURUS,MALE
CHADRICK,MALE
TARIK,MALE
MARCELLO,MALE
DOMINIQUE,MALE
DONTA,MALE
MOSHE,MALE
ZACHERY,MALE
JEVON,MALE
STEPHANIE,MALE
NAKIA,MALE
TELLY,MALE
AHMAD,MALE
JAMIL,MALE
TOMA,MALE
TRINITY,MALE
JEREME,MALE
DEJUAN,MALE
JABARI,MALE
AHMED,MALE
HEATHER,MALE
DEMARCUS,MALE
ANTWON,MALE
JERED,MALE
RASHAD,MALE
KRISTEN,MALE
MAURO,MALE
BENJI,MALE
TAVARES,MALE
MARQUES,MALE
RASHEED,MALE
JERAD,MALE
CORRY,MALE
CRISTOBAL,MALE
DEANGELO,MALE
KARIM,MALE
SHARIF,MALE
DEMARCO,MALE
KAREEN,MALE
REBECCA,MALE
RAHEEM,MALE
JAMAAL,MALE
JOVAN,MALE
SENECA,MALE
JERMEY,MALE
TOREY,MALE
HAKIM,MALE
CORTNEY,MALE
JAMIN,MALE
JAVON,MALE
ZACKARY,MALE
EZEQUIEL,MALE
JERIMY,MALE
MUHAMMAD,MALE
JAMEEL,MALE
BRODY,MALE
JARON,MALE
DIMITRIOS,MALE
TAJ,MALE
TANNER,MALE
TORRY,MALE
AMIR,MALE
LEVAR,MALE
LAVAR,MALE
KUNTA,MALE
JEDEDIAH,MALE
JERIMIAH,MALE
KINTE,MALE
RASHAWN,MALE
JERAMIAH,MALE
JESSICA,MALE
JEDIDIAH,MALE
AMIN,MALE
RIAN,MALE
CONOR,MALE
LYDELL,MALE
DAVON,MALE
KALEB,MALE
SAMIR,MALE
ZACKERY,MALE
KHALID,MALE
BO,MALE
CRISTIAN,MALE
DEMETRIC,MALE
HORACIO,MALE
ANWAR,MALE
NICHOLAUS,MALE
KENJI,MALE
NIKOLAS,MALE
DEMARIO,MALE
JOHNPAUL,MALE
NICKLAUS,MALE
JARRET,MALE
KODY,MALE
ANTWAIN,MALE
DEQUAN,MALE
LUKAS,MALE
CHRISTINA,MALE
DESHAUN,MALE
JUSTON,MALE
HASAN,MALE
JEB,MALE
AMANDA,MALE
ANDRAE,MALE
KENDELL,MALE
TUCKER,MALE
KEON,MALE
GARETT,MALE
AMIT,MALE
OMARI,MALE
TYRELL,MALE
MOHAMMAD,MALE
BRYSON,MALE
TYREL,MALE
TREMAINE,MALE
JARRAD,MALE
RUSTIN,MALE
KAI,MALE
JUSTEN,MALE
KEEGAN,MALE
CHAZ,MALE
YOEL,MALE
JARAD,MALE
JESSY,MALE
BJORN,MALE
BRANDAN,MALE
DUSTAN,MALE
ISAIAS,MALE
KELLEN,MALE
SKYLER,MALE
MARCHELLO,MALE
MOHAMMED,MALE
JOHATHAN,MALE
ADALBERTO,MALE
CONNOR,MALE
DONTAE,MALE
TAUREAN,MALE
SKYLAR,MALE
MOHAMED,MALE
COLT,MALE
KIEL,MALE
COLTON,MALE
ELIEZER,MALE
DARRIUS,MALE
TUAN,MALE
HUNG,MALE
LONG,MALE
LAMARCUS,MALE
JUSTINE,MALE
HUY,MALE
AKEEM,MALE
CASSIDY,MALE
DEVAN,MALE
MARTELL,MALE
REMINGTON,MALE
JACOBY,MALE
JAKOB,MALE
TRUMAINE,MALE
MARQUISE,MALE
DEVEN,MALE
CRYSTAL,MALE
RYNE,MALE
COTY,MALE
GRAYSON,MALE
JERRAD,MALE
JARRELL,MALE
BABY,MALE
BRANDIN,MALE
ALONSO,MALE
DANIELLE,MALE
TAVON,MALE
TRAVON,MALE
DEONTE,MALE
RACHEL,MALE
KAMERON,MALE
TAVARIS,MALE
TYLOR,MALE
JAIRO,MALE
DURELL,MALE
DURRELL,MALE
CHANNING,MALE
JAYMES,MALE
DAKOTA,MALE
KEATON,MALE
ULISES,MALE
BRANDYN,MALE
MACKENZIE,MALE
MAXIMILIAN,MALE
URIEL,MALE
TERELL,MALE
KALE,MALE
DANDRE,MALE
KOLBY,MALE
JOSHUAH,MALE
MARTEZ,MALE
RAYSHAWN,MALE
DANGELO,MALE
DERREK,MALE
CORDERO,MALE
JAYCE,MALE
YAAKOV,MALE
KYLER,MALE
ALEXANDRO,MALE
ZECHARIAH,MALE
GIANCARLO,MALE
GARRISON,MALE
SPENSER,MALE
AUSTEN,MALE
PAYTON,MALE
KALEN,MALE
KANE,MALE
MYCHAL,MALE
CONNER,MALE
CORDARO,MALE
DASHAWN,MALE
HOLDEN,MALE
OCTAVIUS,MALE
RASHAAD,MALE
MONTRELL,MALE
JAREN,MALE
JOSELUIS,MALE
TREVIN,MALE
BRENNEN,MALE
KEGAN,MALE
CAMRON,MALE
COLTEN,MALE
CODEY,MALE
ARSENIO,MALE
JAQUAN,MALE
GERALDO,MALE
KELBY,MALE
JAMARCUS,MALE
MARQUEZ,MALE
DOMINQUE,MALE
BRITTANY,MALE
RIDGE,MALE
MIKHAIL,MALE
BRANTLEY,MALE
NICO,MALE
KADE,MALE
ALEXANDRE,MALE
CHRISTOP,MALE
INFANT,MALE
ALEXANDE,MALE
HAKEEM,MALE
KADEEM,MALE
GAGE,MALE
KHIRY,MALE
JASMINE,MALE
DAQUAN,MALE
NIKO,MALE
RAKEEM,MALE
NIKKO,MALE
DIONTE,MALE
SAMANTHA,MALE
DARION,MALE
KENDAL,MALE
KIARA,MALE
TIFFANY,MALE
KHALIL,MALE
NAJEE,MALE
LADARIUS,MALE
STETSON,MALE
YOSEF,MALE
TREVON,MALE
DIMITRI,MALE
TEVIN,MALE
DENZEL,MALE
MALE,MALE
LAQUAN,MALE
KIEFER,MALE
JORDEN,MALE
IBRAHIM,MALE
MYKEL,MALE
KEVON,MALE
ZAKARY,MALE
AIDAN,MALE
TALON,MALE
CODIE,MALE
HERNAN,MALE
CAMDEN,MALE
DEONTAE,MALE
KEENEN,MALE
MISAEL,MALE
DEVONTE,MALE
SAGE,MALE
DILLAN,MALE
GUNNAR,MALE
SHAQUILLE,MALE
DILLION,MALE
DYLON,MALE
STORM,MALE
DOMONIQUE,MALE
CODI,MALE
JALEEL,MALE
DAVION,MALE
BRAYDEN,MALE
DENZELL,MALE
DEVANTE,MALE
DIJON,MALE
KEIFER,MALE
TARIQ,MALE
BABYBOY,MALE
SAWYER,MALE
DESEAN,MALE
DEONTA,MALE
KOLTON,MALE
JUSTYN,MALE
UNNAMED,MALE
DEJON,MALE
BILAL,MALE
DEANTE,MALE
JALEN,MALE
TRE,MALE
DAVONTE,MALE
DEVONTA,MALE
JAVONTE,MALE
DEVONTAE,MALE
DEION,MALE
DEMETRI,MALE
DAVANTE,MALE
DYLLAN,MALE
TRAE,MALE
DONDRE,MALE
TAYLER,MALE
CADEN,MALE
DAKOTAH,MALE
MONTEL,MALE
DAVONTA,MALE
DALVIN,MALE
TYSHAWN,MALE
MAXIMILLIAN,MALE
JUWAN,MALE
TYQUAN,MALE
KIERAN,MALE
COLTER,MALE
JAYLEN,MALE
DEVYN,MALE
SAVON,MALE
DEONDRE,MALE
DARRIAN,MALE
DALLIN,MALE
JORDY,MALE
MIKAL,MALE
ADONIS,MALE
KELTON,MALE
SHAQUAN,MALE
DEVAUGHN,MALE
DARRIEN,MALE
AUSTYN,MALE
KADEN,MALE
DARRION,MALE
FREDY,MALE
MONTANA,MALE
KOLE,MALE
SYED,MALE
DEMONTE,MALE
DAKODA,MALE
JADEN,MALE
KEANU,MALE
JAYLON,MALE
DAULTON,MALE
SHYHEIM,MALE
MARKELL,MALE
MENACHEM,MALE
MARKEL,MALE
JAYDEN,MALE
KHARI,MALE
TRAYVON,MALE
GUNNER,MALE
AUSTON,MALE
CAIN,MALE
JAYLIN,MALE
RIVER,MALE
ALEK,MALE
DESTIN,MALE
TYRIN,MALE
RYDER,MALE
ARMANI,MALE
KAHLIL,MALE
BRYTON,MALE
JONATAN,MALE
TRISTEN,MALE
TRISTON,MALE
RAEKWON,MALE
TRISTIN,MALE
ANFERNEE,MALE
DRAVEN,MALE
ROMELLO,MALE
STONE,MALE
TRISTIAN,MALE
EASTON,MALE
TREYVON,MALE
AIDEN,MALE
RASHAAN,MALE
ROHAN,MALE
KILLIAN,MALE
PHOENIX,MALE
GREYSON,MALE
LATRELL,MALE
BRENNON,MALE
SEAMUS,MALE
ISAI,MALE
BRANSON,MALE
DAMARCUS,MALE
MATEO,MALE
KESHAWN,MALE
KEYSHAWN,MALE
TRYSTAN,MALE
BRAEDEN,MALE
BRAYAN,MALE
SHAMAR,MALE
KEION,MALE
RAQUAN,MALE
JAIR,MALE
BRAYDON,MALE
SHEMAR,MALE
REILLY,MALE
REAGAN,MALE
JAYLAN,MALE
NASIR,MALE
ABDULLAH,MALE
DOMINIK,MALE
KEAGAN,MALE
KORDELL,MALE
KOBE,MALE
GIANNI,MALE
JARET,MALE
KOBY,MALE
NASH,MALE
RYLAN,MALE
JAXON,MALE
GIOVANNY,MALE
RONALDO,MALE
COLETON,MALE
AMARI,MALE
JARETT,MALE
KEYON,MALE
PAXTON,MALE
LANDEN,MALE
RAVEN,MALE
JAMARI,MALE
JOVANI,MALE
JOVANNY,MALE
KEANDRE,MALE
KENAN,MALE
JAJUAN,MALE
RYLEY,MALE
NIKHIL,MALE
TYRESE,MALE
TYREK,MALE
ZION,MALE
DECLAN,MALE
SAVION,MALE
KAMRON,MALE
JADON,MALE
TYRIQUE,MALE
TAHJ,MALE
TYRIQ,MALE
TYREEK,MALE
IZAIAH,MALE
TAVIAN,MALE
JACQUEZ,MALE
ALESSANDRO,MALE
KYREE,MALE
TYRIK,MALE
JORDI,MALE
JALON,MALE
MEKHI,MALE
JELANI,MALE
MATTEO,MALE
JOHAN,MALE
HAMZA,MALE
BRYCEN,MALE
JOVANY,MALE
MIGUELANGEL,MALE
JENSEN,MALE
RAHUL,MALE
CHRISTION,MALE
JUDAH,MALE
KONNOR,MALE
KYLAN,MALE
JAIDEN,MALE
TYREKE,MALE
CAYDEN,MALE
JETT,MALE
ZAIRE,MALE
JAYDON,MALE
KORBIN,MALE
TYREESE,MALE
BRAEDON,MALE
JAXSON,MALE
XANDER,MALE
CAMREN,MALE
SEMAJ,MALE
EAN,MALE
GAVEN,MALE
KARSON,MALE
TREVION,MALE
AYDEN,MALE
REY,MALE
TAVION,MALE
BRAIDEN,MALE
KADIN,MALE
ARMAN,MALE
ADITYA,MALE
ROWAN,MALE
BRIDGER,MALE
KAYDEN,MALE
ELIAN,MALE
LUCA,MALE
FINN,MALE
KAIDEN,MALE
SINCERE,MALE
MAXIMUS,MALE
XZAVIER,MALE
BLAZE,MALE
GAIGE,MALE
LONDON,MALE
KESHAUN,MALE
SABASTIAN,MALE
KAVON,MALE
KIAN,MALE
BRODIE,MALE
JAEDEN,MALE
JAVION,MALE
JAMIR,MALE
MAXIM,MALE
ALEXZANDER,MALE
KAMREN,MALE
ZANDER,MALE
DAYNE,MALE
ISAAK,MALE
JAHEIM,MALE
JAGGER,MALE
OSWALDO,MALE
RONAN,MALE
HADEN,MALE
JADYN,MALE
IMMANUEL,MALE
ALIJAH,MALE
JAKOBE,MALE
IMANOL,MALE
JORDYN,MALE
ZAIN,MALE
YUSUF,MALE
GAVYN,MALE
PRANAV,MALE
YEHUDA,MALE
DAUNTE,MALE
CAIDEN,MALE
ARJUN,MALE
JAHIEM,MALE
ZAVIER,MALE
MUSTAFA,MALE
RYLEE,MALE
GIOVANI,MALE
JOVANNI,MALE
OMARION,MALE
YAHIR,MALE
AMARION,MALE
GAEL,MALE
CAEL,MALE
TREYTON,MALE
ARYAN,MALE
JAHEEM,MALE
MALAKAI,MALE
JAVEN,MALE
LISANDRO,MALE
SANTINO,MALE
ADRIEL,MALE
ETHEN,MALE
LUC,MALE
MAXIMO,MALE
CASON,MALE
GANNON,MALE
JAQUEZ,MALE
BRADYN,MALE
JASE,MALE
ZAYNE,MALE
OSBALDO,MALE
MADDOX,MALE
JAMARION,MALE
YAIR,MALE
AYDAN,MALE
KONNER,MALE
DAMARION,MALE
JAHIR,MALE
ENZO,MALE
CANNON,MALE
KAMARI,MALE
KAEDEN,MALE
RYKER,MALE
SOREN,MALE
MORDECHAI,MALE
CRISTOFER,MALE
RYLAND,MALE
ZAID,MALE
ARNAV,MALE
CANYON,MALE
KANYE,MALE
KYAN,MALE
COHEN,MALE
BRAYLON,MALE
DAVIAN,MALE
JAIDYN,MALE
DEMARION,MALE
LANDYN,MALE
LUKA,MALE
BRAULIO,MALE
ANDON,MALE
AYDIN,MALE
MATIAS,MALE
JAYDIN,MALE
DEACON,MALE
TEAGAN,MALE
KAMDEN,MALE
MALAKI,MALE
KODA,MALE
RHYS,MALE
HAIDEN,MALE
TAYSHAUN,MALE
JAYVON,MALE
TRENTEN,MALE
RISHI,MALE
KASON,MALE
TALAN,MALE
AMARE,MALE
MAKAI,MALE
BRAYLEN,MALE
KADYN,MALE
LEANDRO,MALE
AEDAN,MALE
FINNEGAN,MALE
KARTER,MALE
DAMARI,MALE
MESSIAH,MALE
MAKHI,MALE
CAMRYN,MALE
GAUGE,MALE
JAX,MALE
ADIN,MALE
KRISH,MALE
YANDEL,MALE
BECKETT,MALE
KAEL,MALE
BODE,MALE
KOEN,MALE
ZAYDEN,MALE
SANTANA,MALE
LANDIN,MALE
TALEN,MALE
KASEN,MALE
AIDYN,MALE
JASIAH,MALE
MEMPHIS,MALE
KINGSTON,MALE
LANDAN,MALE
CASE,MALE
COEN,MALE
IZAYAH,MALE
ANDERS,MALE
BROGAN,MALE
MADDEN,MALE
SLADE,MALE
KELLAN,MALE
JAYDAN,MALE
NERY,MALE
RAYAN,MALE
DEREON,MALE
YAEL,MALE
RAIDEN,MALE
NIKOLAI,MALE
YUREM,MALE
LYRIC,MALE
KELAN,MALE
TEGAN,MALE
KAMRYN,MALE
JAYVION,MALE
RONIN,MALE
DAXTON,MALE
AADEN,MALE
CHACE,MALE
MARLEY,MALE
KASH,MALE
KYMANI,MALE
ISHAAN,MALE
JADIEL,MALE
URIJAH,MALE
EDEN,MALE
ZAIDEN,MALE
AYAAN,MALE
AARAV,MALE
TRIPP,MALE
GEOVANNI,MALE
YADIEL,MALE
KYSON,MALE
CALLUM,MALE
DEEGAN,MALE
LENNON,MALE
ABDIEL,MALE
CARSEN,MALE
KOLTEN,MALE
STELLA,FEMALE
SALLIE,FEMALE
NETTIE,FEMALE
ETTA,FEMALE
HARRIET,FEMALE
SADIE,FEMALE
KATIE,FEMALE
LYDIA,FEMALE
KATE,FEMALE
MOLLIE,FEMALE
LULU,FEMALE
NANNIE,FEMALE
LOTTIE,FEMALE
BELLE,FEMALE
CHARLOTTE,FEMALE
AMELIA,FEMALE
HANNAH,FEMALE
JANE,FEMALE
EMILY,FEMALE
MATILDA,FEMALE
HENRIETTA,FEMALE
SARA,FEMALE
ESTELLA,FEMALE
THERESA,FEMALE
JOSIE,FEMALE
SOPHIA,FEMALE
ANNE,FEMALE
DELIA,FEMALE
LOUISA,FEMALE
MAYME,FEMALE
ESTELLE,FEMALE
NINA,FEMALE
BETTIE,FEMALE
LUELLA,FEMALE
INEZ,FEMALE
LELA,FEMALE
ROSIE,FEMALE
MILLIE,FEMALE
JANIE,FEMALE
CORNELIA,FEMALE
VICTORIA,FEMALE
CELIA,FEMALE
CHRISTINE,FEMALE
BIRDIE,FEMALE
HARRIETT,FEMALE
MABLE,FEMALE
MYRA,FEMALE
SOPHIE,FEMALE
TILLIE,FEMALE
ISABEL,FEMALE
SYLVIA,FEMALE
ISABELLE,FEMALE
LEILA,FEMALE
SALLY,FEMALE
INA,FEMALE
NELL,FEMALE
ALBERTA,FEMALE
KATHARINE,FEMALE
RENA,FEMALE
MINA,FEMALE
MATHILDA,FEMALE
DOLLIE,FEMALE
HETTIE,FEMALE
FANNY,FEMALE
LENORA,FEMALE
ADELAIDE,FEMALE
LELIA,FEMALE
NELLE,FEMALE
SUE,FEMALE
JOHANNA,FEMALE
LILLY,FEMALE
LUCINDA,FEMALE
MINERVA,FEMALE
LETTIE,FEMALE
ROXIE,FEMALE
HELENA,FEMALE
HILDA,FEMALE
HULDA,FEMALE
GENEVIEVE,FEMALE
CORDELIA,FEMALE
JEANETTE,FEMALE
ADELINE,FEMALE
LEAH,FEMALE
LURA,FEMALE
MITTIE,FEMALE
ISABELLA,FEMALE
OLGA,FEMALE
PHOEBE,FEMALE
TERESA,FEMALE
LIDA,FEMALE
LINA,FEMALE
MARGUERITE,FEMALE
CLAUDIA,FEMALE
CECELIA,FEMALE
BESS,FEMALE
EMILIE,FEMALE
ROSETTA,FEMALE
MYRTIE,FEMALE
CECILIA,FEMALE
OLIVIA,FEMALE
OPHELIA,FEMALE
ELNORA,FEMALE
VIOLET,FEMALE
ADELE,FEMALE
LILY,FEMALE
LORETTA,FEMALE
MADGE,FEMALE
POLLY,FEMALE
EUGENIA,FEMALE
LUCILE,FEMALE
MABELLE,FEMALE
ROSALIE,FEMALE
KITTIE,FEMALE
META,FEMALE
ANGIE,FEMALE
GEORGIANA,FEMALE
LILA,FEMALE
REGINA,FEMALE
SELMA,FEMALE
WILHELMINA,FEMALE
BRIDGET,FEMALE
LILLA,FEMALE
MALINDA,FEMALE
VINA,FEMALE
FREDA,FEMALE
GERTIE,FEMALE
JEANNETTE,FEMALE
LOUELLA,FEMALE
MANDY,FEMALE
ROBERTA,FEMALE
CORINNE,FEMALE
LYDA,FEMALE
NAOMI,FEMALE
NORMA,FEMALE
MARGIE,FEMALE
NONA,FEMALE
ZELLA,FEMALE
DOVIE,FEMALE
ELVIRA,FEMALE
ERMA,FEMALE
IRMA,FEMALE
LEOTA,FEMALE
BLANCH,FEMALE
CHARITY,FEMALE
LORENA,FEMALE
LUCRETIA,FEMALE
ORPHA,FEMALE
ALVINA,FEMALE
ANNETTE,FEMALE
CATHARINE,FEMALE
ELMA,FEMALE
GENEVA,FEMALE
LEORA,FEMALE
LONA,FEMALE
MIRIAM,FEMALE
ZORA,FEMALE
OCTAVIA,FEMALE
SUDIE,FEMALE
ZULA,FEMALE
ADELLA,FEMALE
FRIEDA,FEMALE
JOANNA,FEMALE
LEONORA,FEMALE
PRISCILLA,FEMALE
TENNIE,FEMALE
ANGELINE,FEMALE
DOCIA,FEMALE
ETTIE,FEMALE
FLOSSIE,FEMALE
HANNA,FEMALE
LETHA,FEMALE
MINTA,FEMALE
RETTA,FEMALE
ROSELLA,FEMALE
ADAH,FEMALE
BERTA,FEMALE
ELISABETH,FEMALE
ELISE,FEMALE
LEOLA,FEMALE
MARGRET,FEMALE
ADALINE,FEMALE
IDELLA,FEMALE
JUANITA,FEMALE
LENNA,FEMALE
LUCIE,FEMALE
MISSOURI,FEMALE
NOLA,FEMALE
ZOE,FEMALE
EDA,FEMALE
ISABELL,FEMALE
JULIE,FEMALE
LETITIA,FEMALE
MADELINE,FEMALE
MALISSA,FEMALE
MARIAH,FEMALE
PATTIE,FEMALE
ALMEDA,FEMALE
AURELIA,FEMALE
DOLLY,FEMALE
JANNIE,FEMALE
KATHRINE,FEMALE
LAVINIA,FEMALE
MARIETTA,FEMALE
MELVINA,FEMALE
ONA,FEMALE
PINKIE,FEMALE
SUSANNA,FEMALE
CHLOE,FEMALE
ELSA,FEMALE
MATIE,FEMALE
PEARLE,FEMALE
VESTA,FEMALE
VINNIE,FEMALE
ANTOINETTE,FEMALE
CLEMENTINE,FEMALE
EDYTHE,FEMALE
HARRIETTE,FEMALE
LIBBIE,FEMALE
LILIAN,FEMALE
LUTIE,FEMALE
MAGDALENA,FEMALE
MEDA,FEMALE
RITA,FEMALE
TENA,FEMALE
ZELMA,FEMALE
ADELIA,FEMALE
ANNETTA,FEMALE
DONA,FEMALE
ELIZEBETH,FEMALE
GEORGIANNA,FEMALE
GRACIE,FEMALE
IONA,FEMALE
LETA,FEMALE
LIZA,FEMALE
MERTIE,FEMALE
MOLLY,FEMALE
NEVA,FEMALE
OMA,FEMALE
ALIDA,FEMALE
CECILE,FEMALE
ERNESTINE,FEMALE
EVIE,FEMALE
HELENE,FEMALE
MINNA,FEMALE
MYRTA,FEMALE
PRUDENCE,FEMALE
QUEEN,FEMALE
RILLA,FEMALE
SAVANNAH,FEMALE
TESSIE,FEMALE
AGATHA,FEMALE
AMERICA,FEMALE
ANITA,FEMALE
ARMINTA,FEMALE
DOROTHEA,FEMALE
LUVENIA,FEMALE
MARJORIE,FEMALE
MAYBELLE,FEMALE
MELLIE,FEMALE
NAN,FEMALE
VELMA,FEMALE
CONSTANCE,FEMALE
ILA,FEMALE
IOLA,FEMALE
LOUVENIA,FEMALE
LUCIA,FEMALE
LUDIE,FEMALE
LUNA,FEMALE
METTA,FEMALE
PHEBE,FEMALE
SOPHRONIA,FEMALE
ADDA,FEMALE
AVIS,FEMALE
BETSY,FEMALE
CORDIE,FEMALE
EMMALINE,FEMALE
ETHELYN,FEMALE
HORTENSE,FEMALE
MARCELLA,FEMALE
MELINDA,FEMALE
MONA,FEMALE
ODESSA,FEMALE
VERONICA,FEMALE
AIMEE,FEMALE
ANNABEL,FEMALE
AVA,FEMALE
BELLA,FEMALE
CAROLINA,FEMALE
CATHRINE,FEMALE
CHRISTENA,FEMALE
DENA,FEMALE
ELEANORE,FEMALE
ELMIRA,FEMALE
JENNY,FEMALE
KIZZIE,FEMALE
LOULA,FEMALE
MAGDALENE,FEMALE
METTIE,FEMALE
MINTIE,FEMALE
PEGGY,FEMALE
REBA,FEMALE
SERENA,FEMALE
VIDA,FEMALE
ZADA,FEMALE
ABIGAIL,FEMALE
CELESTINE,FEMALE
CELINA,FEMALE
DAISIE,FEMALE
DESSA,FEMALE
EASTER,FEMALE
EMELIA,FEMALE
EMMIE,FEMALE
IMOGENE,FEMALE
INDIA,FEMALE
JEANNE,FEMALE
LENORE,FEMALE
LIDDIE,FEMALE
LOTTA,FEMALE
MAME,FEMALE
NEVADA,FEMALE
RACHAEL,FEMALE
SINA,FEMALE
WILLA,FEMALE
ALINE,FEMALE
DAISEY,FEMALE
DORCAS,FEMALE
EDMONIA,FEMALE
EFFA,FEMALE
ELDORA,FEMALE
ELOISE,FEMALE
EMMER,FEMALE
ERA,FEMALE
GENA,FEMALE
IRIS,FEMALE
IZORA,FEMALE
LISSIE,FEMALE
MALLIE,FEMALE
MALVINA,FEMALE
MATHILDE,FEMALE
MAZIE,FEMALE
QUEENIE,FEMALE
ROSINA,FEMALE
SALOME,FEMALE
THEODORA,FEMALE
THERESE,FEMALE
VENA,FEMALE
WANDA,FEMALE
WILDA,FEMALE
ALTHA,FEMALE
ANASTASIA,FEMALE
BESSE,FEMALE
BIRTIE,FEMALE
CLARISSA,FEMALE
DELILAH,FEMALE
DIANA,FEMALE
EMELIE,FEMALE
ERNA,FEMALE
FLORIDA,FEMALE
FRONA,FEMALE
HILMA,FEMALE
JULIET,FEMALE
LEONIE,FEMALE
LUGENIA,FEMALE
MAMMIE,FEMALE
MANDA,FEMALE
MANERVA,FEMALE
MANIE,FEMALE
NELLA,FEMALE
PAULINA,FEMALE
PHILOMENA,FEMALE
SELINA,FEMALE
SENA,FEMALE
THEODOSIA,FEMALE
UNA,FEMALE
ADELA,FEMALE
ALTHEA,FEMALE
AMALIA,FEMALE
AMBER,FEMALE
ANGELINA,FEMALE
ANNABELLE,FEMALE
ANNER,FEMALE
ARIE,FEMALE
CLARICE,FEMALE
CORDA,FEMALE
CORRIE,FEMALE
DELLAR,FEMALE
DONIE,FEMALE
ELDA,FEMALE
ELINOR,FEMALE
EMELINE,FEMALE
EMILIA,FEMALE
ETHA,FEMALE
INDIANA,FEMALE
IONE,FEMALE
JOSIEPHINE,FEMALE
KITTY,FEMALE
LAVINA,FEMALE
LEDA,FEMALE
LETTA,FEMALE
MAHALA,FEMALE
MARCIA,FEMALE
MARGARETTE,FEMALE
MAUDIE,FEMALE
MAYE,FEMALE
NORAH,FEMALE
PATTY,FEMALE
PAULA,FEMALE
PERMELIA,FEMALE
ROSALIA,FEMALE
ROXANNA,FEMALE
SULA,FEMALE
VADA,FEMALE
WINNIFRED,FEMALE
ADLINE,FEMALE
ALMIRA,FEMALE
ALVENA,FEMALE
ARIZONA,FEMALE
BECKY,FEMALE
BERNADETTE,FEMALE
CORDIA,FEMALE
CORINE,FEMALE
DICIE,FEMALE
DOVE,FEMALE
DRUSILLA,FEMALE
ELENA,FEMALE
ELENORA,FEMALE
ELMINA,FEMALE
ETHYL,FEMALE
EVALYN,FEMALE
EVELINA,FEMALE
FAYE,FEMALE
HULDAH,FEMALE
IDELL,FEMALE
INGA,FEMALE
IRENA,FEMALE
KATTIE,FEMALE
LAVENIA,FEMALE
LOVINA,FEMALE
LULIE,FEMALE
MAGNOLIA,FEMALE
MARGERET,FEMALE
MARGERY,FEMALE
MEDIA,FEMALE
MILLICENT,FEMALE
NENA,FEMALE
ORILLA,FEMALE
PANSY,FEMALE
ROSIA,FEMALE
ROWENA,FEMALE
TABITHA,FEMALE
VERDIE,FEMALE
ZETTA,FEMALE
ZOA,FEMALE
ZONA,FEMALE
ALBERTINA,FEMALE
ALBINA,FEMALE
ALYCE,FEMALE
AMIE,FEMALE
ANNIS,FEMALE
CARRA,FEMALE
CLARINDA,FEMALE
DELPHIA,FEMALE
DILLIE,FEMALE
DOSHIE,FEMALE
DRUCILLA,FEMALE
ETNA,FEMALE
EUGENIE,FEMALE
EULALIA,FEMALE
EVE,FEMALE
FELICIA,FEMALE
FLORANCE,FEMALE
FRONIE,FEMALE
GERALDINE,FEMALE
GINA,FEMALE
GLENNA,FEMALE
GRAYCE,FEMALE
HEDWIG,FEMALE
JOSSIE,FEMALE
KATHERYN,FEMALE
KATY,FEMALE
LEANNA,FEMALE
LEITHA,FEMALE
LEONE,FEMALE
LIDIE,FEMALE
LOMA,FEMALE
LULAR,FEMALE
MAGDALEN,FEMALE
MAYMIE,FEMALE
MINERVIA,FEMALE
MURIEL,FEMALE
NEPPIE,FEMALE
ONIE,FEMALE
OSA,FEMALE
OTELIA,FEMALE
PARALEE,FEMALE
PATIENCE,FEMALE
RELLA,FEMALE
RILLIE,FEMALE
ROSANNA,FEMALE
TILDA,FEMALE
TISHIE,FEMALE
TRESSA,FEMALE
VIVA,FEMALE
YETTA,FEMALE
ZENA,FEMALE
ZOLA,FEMALE
ABBY,FEMALE
AILEEN,FEMALE
ALDA,FEMALE
ALLA,FEMALE
ALVERTA,FEMALE
ARA,FEMALE
ARDELIA,FEMALE
ARDELLA,FEMALE
ARRIE,FEMALE
ARVILLA,FEMALE
AURORA,FEMALE
BAMA,FEMALE
BENA,FEMALE
CALLA,FEMALE
CAMILLA,FEMALE
CARLOTTA,FEMALE
CELESTIA,FEMALE
CHERRY,FEMALE
CINDA,FEMALE
CLASSIE,FEMALE
CLAUDINE,FEMALE
CLEMIE,FEMALE
CLYDA,FEMALE
CREOLA,FEMALE
DEBBIE,FEMALE
DINAH,FEMALE
DOSHIA,FEMALE
EDNAH,FEMALE
EDYTH,FEMALE
ELEANORA,FEMALE
ELECTA,FEMALE
EOLA,FEMALE
EUDORA,FEMALE
EUPHEMIA,FEMALE
EVALENA,FEMALE
EVALINE,FEMALE
FAITH,FEMALE
FIDELIA,FEMALE
GOLDA,FEMALE
HELMA,FEMALE
HERMINE,FEMALE
HESSIE,FEMALE
IVAH,FEMALE
JANETTE,FEMALE
JENNETTE,FEMALE
JOELLA,FEMALE
KATHRYNE,FEMALE
LANIE,FEMALE
LAURETTA,FEMALE
LEANA,FEMALE
LEATHA,FEMALE
LILLER,FEMALE
LILLIS,FEMALE
LOUETTA,FEMALE
MADIE,FEMALE
MAI,FEMALE
MARTINA,FEMALE
MARYANN,FEMALE
MELVA,FEMALE
MENA,FEMALE
MERCEDES,FEMALE
MIMA,FEMALE
MINDA,FEMALE
MONICA,FEMALE
NEALIE,FEMALE
NETTA,FEMALE
NOLIA,FEMALE
NONIE,FEMALE
ODELIA,FEMALE
OTTILIE,FEMALE
PHYLLIS,FEMALE
SABINA,FEMALE
SADA,FEMALE
SUZANNE,FEMALE
SYBILLA,FEMALE
THEA,FEMALE
TRESSIE,FEMALE
VALLIE,FEMALE
VENIE,FEMALE
VINEY,FEMALE
WILHELMINE,FEMALE
WINONA,FEMALE
ZELDA,FEMALE
ZILPHA,FEMALE
ADELLE,FEMALE
ADINA,FEMALE
ADRIENNE,FEMALE
ALBERTINE,FEMALE
ALYS,FEMALE
ANA,FEMALE
ARAMINTA,FEMALE
BIRTHA,FEMALE
BULAH,FEMALE
CADDIE,FEMALE
CELIE,FEMALE
CHARLOTTA,FEMALE
CONCEPCION,FEMALE
CORDELLA,FEMALE
CORRINE,FEMALE
DELILA,FEMALE
DELPHINE,FEMALE
DOSHA,FEMALE
ELAINE,FEMALE
ELISA,FEMALE
ELLAR,FEMALE
ELMIRE,FEMALE
ELVINA,FEMALE
ENA,FEMALE
ESTIE,FEMALE
ETTER,FEMALE
FRONNIE,FEMALE
GEORGINA,FEMALE
GRACIA,FEMALE
GWENDOLYN,FEMALE
HASSIE,FEMALE
HONORA,FEMALE
ICY,FEMALE
ISA,FEMALE
ISADORA,FEMALE
JOHANNAH,FEMALE
JUANA,FEMALE
JUNIE,FEMALE
LAVONIA,FEMALE
LELLA,FEMALE
LEMMA,FEMALE
LETTY,FEMALE
LINNA,FEMALE
LITTIE,FEMALE
LOLLIE,FEMALE
LORENE,FEMALE
LOVISA,FEMALE
LUCINA,FEMALE
MADORA,FEMALE
MAHALIA,FEMALE
MANERVIA,FEMALE
MANUELA,FEMALE
MARGARETT,FEMALE
MARGARETTA,FEMALE
MARGARITA,FEMALE
MARILLA,FEMALE
MIGNON,FEMALE
MOZELLA,FEMALE
NATALIE,FEMALE
NELIA,FEMALE
NOLIE,FEMALE
OMIE,FEMALE
OTTILIA,FEMALE
PARTHENIA,FEMALE
PENELOPE,FEMALE
PINKEY,FEMALE
POLLIE,FEMALE
RENNIE,FEMALE
RETA,FEMALE
ROENA,FEMALE
ROSALEE,FEMALE
ROSEANNA,FEMALE
RUTHIE,FEMALE
SABRA,FEMALE
SANNIE,FEMALE
SELENA,FEMALE
SIBYL,FEMALE
TELLA,FEMALE
TEMPIE,FEMALE
TENNESSEE,FEMALE
TERESSA,FEMALE
TEXAS,FEMALE
THEDA,FEMALE
THURSA,FEMALE
ULA,FEMALE
VANNIE,FEMALE
VERONA,FEMALE
VERTIE,FEMALE
WILMA,FEMALE
ADELL,FEMALE
AGGIE,FEMALE
ALCIE,FEMALE
ALFREDA,FEMALE
ALICIA,FEMALE
ALLENE,FEMALE
ALMYRA,FEMALE
ANASTACIA,FEMALE
ARIA,FEMALE
ARMINDA,FEMALE
AURA,FEMALE
AVIE,FEMALE
BERDIE,FEMALE
BUENA,FEMALE
CALISTA,FEMALE
CAMMIE,FEMALE
CARA,FEMALE
CELESTA,FEMALE
CELESTE,FEMALE
CHANEY,FEMALE
CHANIE,FEMALE
CHARLOTTIE,FEMALE
CHRISSIE,FEMALE
CHRISTENE,FEMALE
CHRISTIANA,FEMALE
CLEORA,FEMALE
CLORA,FEMALE
CORALIE,FEMALE
DAYSE,FEMALE
DELFINA,FEMALE
DELIAH,FEMALE
DELINA,FEMALE
DELLE,FEMALE
DICY,FEMALE
DONIA,FEMALE
DULCIE,FEMALE
EDWINA,FEMALE
ELA,FEMALE
ELEONORA,FEMALE
ELTA,FEMALE
ELZADA,FEMALE
EMALINE,FEMALE
EULAH,FEMALE
EULALIE,FEMALE
EUNA,FEMALE
ZADIE,FEMALE
EVELINE,FEMALE
LELAH,FEMALE
NANIE,FEMALE
PETRA,FEMALE
GLENNIE,FEMALE
JULIETTE,FEMALE
MERCY,FEMALE
MIRANDA,FEMALE
NANA,FEMALE
ZILPAH,FEMALE
ALMEDIA,FEMALE
BYRDIE,FEMALE
CLARIBEL,FEMALE
CORAL,FEMALE
EXIE,FEMALE
MALISSIE,FEMALE
MYRTICE,FEMALE
NARCISSUS,FEMALE
ROSAMOND,FEMALE
THERESIA,FEMALE
VALERIA,FEMALE
VESSIE,FEMALE
VICTORINE,FEMALE
ARABELLA,FEMALE
DOTTIE,FEMALE
FLO,FEMALE
FREDERICKA,FEMALE
GUSTA,FEMALE
ICIE,FEMALE
LILLIA,FEMALE
LOTA,FEMALE
NATHALIE,FEMALE
NITA,FEMALE
OTA,FEMALE
RAMONA,FEMALE
TEXIE,FEMALE
ZILLAH,FEMALE
AIDA,FEMALE
ARRA,FEMALE
BELVA,FEMALE
BIDDIE,FEMALE
BULA,FEMALE
CARRY,FEMALE
CRETE,FEMALE
DOSSIE,FEMALE
EVANGELINE,FEMALE
FLAVIA,FEMALE
FLETA,FEMALE
FRONIA,FEMALE
GILLIE,FEMALE
JINNIE,FEMALE
KATHARINA,FEMALE
MIRTIE,FEMALE
MORA,FEMALE
NINNIE,FEMALE
RETTIE,FEMALE
ROZELLA,FEMALE
SOFIA,FEMALE
SYBIL,FEMALE
SYLVANIA,FEMALE
TILLA,FEMALE
URSULA,FEMALE
VEDA,FEMALE
ZAIDA,FEMALE
ZENOBIA,FEMALE
ALETHA,FEMALE
ASON,FEMALE
BINA,FEMALE
CHLOIE,FEMALE
CHRISTIE,FEMALE
COREAN,FEMALE
CORINNA,FEMALE
ELODIE,FEMALE
EPSIE,FEMALE
EXA,FEMALE
GEORGINE,FEMALE
GRETTA,FEMALE
HENRIETTE,FEMALE
JEMIMA,FEMALE
JO,FEMALE
JOSEFA,FEMALE
JULIANA,FEMALE
KATHARYN,FEMALE
LAVADA,FEMALE
LEONORE,FEMALE
LEVINA,FEMALE
LIBBY,FEMALE
LILIE,FEMALE
LOUANNA,FEMALE
MABELL,FEMALE
MADELEINE,FEMALE
MARINDA,FEMALE
MILA,FEMALE
NETA,FEMALE
ORLENA,FEMALE
OZELLA,FEMALE
RESSIE,FEMALE
ROSENA,FEMALE
ROSEY,FEMALE
SENORA,FEMALE
SIDDIE,FEMALE
SUSANA,FEMALE
SUSANNE,FEMALE
TEXANNA,FEMALE
TINEY,FEMALE
TINIE,FEMALE
TINY,FEMALE
ACHSAH,FEMALE
AGNESS,FEMALE
ALA,FEMALE
ALABAMA,FEMALE
ALEXINA,FEMALE
ALTIE,FEMALE
AMA,FEMALE
AMALIE,FEMALE
AMELIE,FEMALE
AMEY,FEMALE
AMMA,FEMALE
AMMIE,FEMALE
ANIE,FEMALE
ANNABELL,FEMALE
ARTA,FEMALE
ATTIE,FEMALE
AUDRA,FEMALE
AZZIE,FEMALE
CATHRYN,FEMALE
CENA,FEMALE
CHESTINA,FEMALE
CRISSIE,FEMALE
CYNTHA,FEMALE
DAISYE,FEMALE
DELLIA,FEMALE
DELTA,FEMALE
DEMA,FEMALE
DEZZIE,FEMALE
DOLA,FEMALE
DOLLYE,FEMALE
EITHEL,FEMALE
ELBA,FEMALE
ELFRIEDA,FEMALE
ELNA,FEMALE
EMOGENE,FEMALE
ENOLA,FEMALE
VERDA,FEMALE
GRETCHEN,FEMALE
HERMINA,FEMALE
NELLY,FEMALE
ELLER,FEMALE
HETTY,FEMALE
LUETTA,FEMALE
PENNIE,FEMALE
ROSEMARY,FEMALE
BECKIE,FEMALE
BUNA,FEMALE
CALDONIA,FEMALE
CANDACE,FEMALE
EDLA,FEMALE
FLORRIE,FEMALE
LUISA,FEMALE
MYRTIS,FEMALE
TRUDIE,FEMALE
AGUSTA,FEMALE
ALPHONSINE,FEMALE
DELLIE,FEMALE
DELPHA,FEMALE
KATHYRN,FEMALE
LORETTO,FEMALE
LUCINDY,FEMALE
MAYBELL,FEMALE
ODILE,FEMALE
ORAH,FEMALE
PRUDIE,FEMALE
RHEA,FEMALE
RINDA,FEMALE
ROSY,FEMALE
ROXY,FEMALE
SARRAH,FEMALE
SUSANNAH,FEMALE
TULA,FEMALE
ALWINA,FEMALE
ARAH,FEMALE
BERNADINE,FEMALE
CAPITOLA,FEMALE
CATHERN,FEMALE
COLUMBIA,FEMALE
EILEEN,FEMALE
ELIZBETH,FEMALE
EURA,FEMALE
HENNIE,FEMALE
HENRETTA,FEMALE
IVIE,FEMALE
JEANIE,FEMALE
JUSTINA,FEMALE
LEANER,FEMALE
LEONIA,FEMALE
LORRAINE,FEMALE
LUCETTA,FEMALE
MACIE,FEMALE
MAHALIE,FEMALE
MARRY,FEMALE
NOVELLA,FEMALE
OLEVIA,FEMALE
PHILLIS,FEMALE
PHILOMENE,FEMALE
SALINA,FEMALE
SINDA,FEMALE
TINNIE,FEMALE
VASHTI,FEMALE
VELLA,FEMALE
VEVA,FEMALE
VICY,FEMALE
ZITA,FEMALE
AFFIE,FEMALE
ALBERTHA,FEMALE
ANABEL,FEMALE
ARTELIA,FEMALE
BARBRA,FEMALE
BEAULAH,FEMALE
BERTINA,FEMALE
BIRDELLA,FEMALE
BLOSSOM,FEMALE
CARMELA,FEMALE
CAROLYNE,FEMALE
CILLA,FEMALE
DENISE,FEMALE
DORTHEA,FEMALE
ELEONORE,FEMALE
FAIRY,FEMALE
FANNYE,FEMALE
FRANC,FEMALE
FRANCINA,FEMALE
FRANCISCA,FEMALE
GENEVRA,FEMALE
HELGA,FEMALE
IZA,FEMALE
JEANETTA,FEMALE
JEANNIE,FEMALE
JERUSHA,FEMALE
LISETTE,FEMALE
LODA,FEMALE
LUDA,FEMALE
LYNDA,FEMALE
MARGET,FEMALE
MARIAM,FEMALE
MODENA,FEMALE
NANNA,FEMALE
NELIE,FEMALE
OLENA,FEMALE
LELAR,FEMALE
MATILDE,FEMALE
SIMONA,FEMALE
THORA,FEMALE
ANGELITA,FEMALE
BERENICE,FEMALE
DAGMAR,FEMALE
DINA,FEMALE
EMA,FEMALE
FLORINE,FEMALE
LORAINE,FEMALE
MAIDA,FEMALE
MISSIE,FEMALE
ARLINE,FEMALE
BEATRIX,FEMALE
DORATHEA,FEMALE
ELENOR,FEMALE
GERTHA,FEMALE
LESTA,FEMALE
REBEKAH,FEMALE
ALMINA,FEMALE
ARLENA,FEMALE
DOT,FEMALE
ELFIE,FEMALE
ERMINE,FEMALE
FRANCISQUI,FEMALE
GEORGEANNA,FEMALE
GLENDORA,FEMALE
LEONTINE,FEMALE
LEVA,FEMALE
LITHA,FEMALE
LUBERTA,FEMALE
MARIANNA,FEMALE
PARLEE,FEMALE
PEARLA,FEMALE
SISTER,FEMALE
THRESA,FEMALE
ALENE,FEMALE
ALVERDA,FEMALE
ANTONETTE,FEMALE
ARGIE,FEMALE
ARKIE,FEMALE
ARLETTA,FEMALE
BEA,FEMALE
BETTYE,FEMALE
CAPPIE,FEMALE
CARO,FEMALE
CLOE,FEMALE
CORENE,FEMALE
DEETTA,FEMALE
ELBERTA,FEMALE
ETHER,FEMALE
FELICIE,FEMALE
FREDERICA,FEMALE
HELLEN,FEMALE
ICEY,FEMALE
INES,FEMALE
JUNIA,FEMALE
LANEY,FEMALE
LASSIE,FEMALE
LOCKIE,FEMALE
LOSSIE,FEMALE
LOVEY,FEMALE
MARIANITA,FEMALE
MATTYE,FEMALE
RUBIE,FEMALE
MILLY,FEMALE
PLUMA,FEMALE
RUIE,FEMALE
VIRA,FEMALE
CLEVA,FEMALE
GENNIE,FEMALE
SADYE,FEMALE
VENNIE,FEMALE
ZETTIE,FEMALE
CLEVIE,FEMALE
FERNE,FEMALE
MAEBELLE,FEMALE
MAXINE,FEMALE
PEARLY,FEMALE
SAVANAH,FEMALE
SAVILLA,FEMALE
VALERIE,FEMALE
VIOLETTA,FEMALE
ADELINA,FEMALE
ALZINA,FEMALE
ANNICE,FEMALE
BEDA,FEMALE
CLARABELLE,FEMALE
FLEDA,FEMALE
GOLDIA,FEMALE
LAILA,FEMALE
LEALA,FEMALE
LILAH,FEMALE
LYLA,FEMALE
NAOMA,FEMALE
NEALY,FEMALE
OLIVINE,FEMALE
RUTHA,FEMALE
SUSSIE,FEMALE
THEODOCIA,FEMALE
VASSIE,FEMALE
ZINA,FEMALE
AURORE,FEMALE
BETH,FEMALE
CHANNIE,FEMALE
FREIDA,FEMALE
GEORGANNA,FEMALE
IZETTA,FEMALE
KATHERN,FEMALE
LADY,FEMALE
LALA,FEMALE
LILIA,FEMALE
LURANA,FEMALE
MOZELLE,FEMALE
NORINE,FEMALE
ONEY,FEMALE
CLOTILDE,FEMALE
NOVA,FEMALE
MYRNA,FEMALE
MEDORA,FEMALE
HILDUR,FEMALE
IMO,FEMALE
RAGNA,FEMALE
VINIE,FEMALE
EMMY,FEMALE
HILDEGARDE,FEMALE
OCTA,FEMALE
AURILLA,FEMALE
BEULA,FEMALE
LERA,FEMALE
MACY,FEMALE
MARGRETT,FEMALE
MELINA,FEMALE
PHEOBE,FEMALE
ALVIRA,FEMALE
CLELLA,FEMALE
CORNIE,FEMALE
DOROTHA,FEMALE
DORTHY,FEMALE
DOSIA,FEMALE
ENID,FEMALE
ESSA,FEMALE
EVELENA,FEMALE
GENOVEVA,FEMALE
GRETA,FEMALE
ICA,FEMALE
ILMA,FEMALE
LALLA,FEMALE
LANA,FEMALE
LEONOR,FEMALE
LOLLA,FEMALE
LORNA,FEMALE
VERGIE,FEMALE
MOSSIE,FEMALE
MANUELITA,FEMALE
OLINE,FEMALE
IMA,FEMALE
JANEY,FEMALE
VILLA,FEMALE
CLYTIE,FEMALE
ERMINA,FEMALE
HERTHA,FEMALE
MARGARETHA,FEMALE
MELANIE,FEMALE
METHA,FEMALE
PRICILLA,FEMALE
SIGRID,FEMALE
THEKLA,FEMALE
BERNIECE,FEMALE
BETHA,FEMALE
FLORIE,FEMALE
HILAH,FEMALE
ISLA,FEMALE
JUDIE,FEMALE
LETHIA,FEMALE
LOUISIANA,FEMALE
RUBYE,FEMALE
SILVIA,FEMALE
ZELPHA,FEMALE
ALWILDA,FEMALE
ANGELE,FEMALE
VERLIE,FEMALE
ZELIA,FEMALE
GUNDA,FEMALE
OCTAVIE,FEMALE
ORELIA,FEMALE
RETHA,FEMALE
SIGNE,FEMALE
ANICE,FEMALE
CARLOTA,FEMALE
LURLINE,FEMALE
LUZ,FEMALE
OPHA,FEMALE
URA,FEMALE
VICIE,FEMALE
ALWINE,FEMALE
CARMELITA,FEMALE
CLEMMA,FEMALE
ELIA,FEMALE
ELOISA,FEMALE
EPPIE,FEMALE
GUSTIE,FEMALE
HAZLE,FEMALE
LU,FEMALE
EBBA,FEMALE
MARGARETE,FEMALE
MYRLE,FEMALE
NADINE,FEMALE
PALLIE,FEMALE
BETSEY,FEMALE
CLETA,FEMALE
FILOMENA,FEMALE
ORRA,FEMALE
ARLENE,FEMALE
MARGRETTA,FEMALE
PAIRLEE,FEMALE
ZANA,FEMALE
FRANCIES,FEMALE
MARJORY,FEMALE
ROXANA,FEMALE
CRESSIE,FEMALE
ERLA,FEMALE
HERMA,FEMALE
OLIVA,FEMALE
ROSALIND,FEMALE
CHESSIE,FEMALE
DAPHNE,FEMALE
LULAH,FEMALE
MARVEL,FEMALE
MONNIE,FEMALE
NOEMIE,FEMALE
GREGORIA,FEMALE
JOSEFINA,FEMALE
FLEETA,FEMALE
MADALINE,FEMALE
HILDRED,FEMALE
SIBBIE,FEMALE
VERENA,FEMALE
BERNARDINE,FEMALE
GERDA,FEMALE
HAZELLE,FEMALE
NOBIE,FEMALE
REVA,FEMALE
VONNIE,FEMALE
ETHIE,FEMALE
JESSYE,FEMALE
JETTA,FEMALE
SIGNA,FEMALE
DELCIE,FEMALE
HILDEGARD,FEMALE
TREVA,FEMALE
VIOLETTE,FEMALE
SYLVA,FEMALE
TWILA,FEMALE
CONCETTA,FEMALE
IDABELLE,FEMALE
LULLA,FEMALE
MIRA,FEMALE
NILA,FEMALE
OLAR,FEMALE
VELVA,FEMALE
YVONNE,FEMALE
EVIA,FEMALE
WILLIA,FEMALE
DORTHA,FEMALE
ELSE,FEMALE
FREEDA,FEMALE
VERSA,FEMALE
ILAH,FEMALE
MAURINE,FEMALE
VERNICE,FEMALE
ELMYRA,FEMALE
MADELYN,FEMALE
CANNIE,FEMALE
CARMELLA,FEMALE
CLIFFIE,FEMALE
EVER,FEMALE
LEAFY,FEMALE
OLINDA,FEMALE
VIRDIE,FEMALE
ALLENA,FEMALE
CLOTILDA,FEMALE
ELIDA,FEMALE
ELVERA,FEMALE
FAE,FEMALE
JOSEFITA,FEMALE
LURENA,FEMALE
VERSIE,FEMALE
VIVIEN,FEMALE
MELBA,FEMALE
ALLINE,FEMALE
ELFREDA,FEMALE
VERLA,FEMALE
OUIDA,FEMALE
FLONNIE,FEMALE
PALMA,FEMALE
CONSUELO,FEMALE
LORINE,FEMALE
VENUS,FEMALE
HASEL,FEMALE
NOMA,FEMALE
VIRGIA,FEMALE
ALLEEN,FEMALE
MAVIS,FEMALE
NELDA,FEMALE
TRILBY,FEMALE
ADEL,FEMALE
BUELAH,FEMALE
MILDA,FEMALE
VELDA,FEMALE
BERNETTA,FEMALE
NEOMA,FEMALE
GAYNELL,FEMALE
LAURETTE,FEMALE
COLETTA,FEMALE
ZELA,FEMALE
ZETA,FEMALE
MANILA,FEMALE
MANILLA,FEMALE
CUBA,FEMALE
EARLINE,FEMALE
VLASTA,FEMALE
JACQUELINE,FEMALE
ONNIE,FEMALE
VARA,FEMALE
ALENA,FEMALE
ILO,FEMALE
IMELDA,FEMALE
ARDIS,FEMALE
DELORES,FEMALE
IRVA,FEMALE
GWEN,FEMALE
TOMASA,FEMALE
VETA,FEMALE
BERNEICE,FEMALE
LEMPI,FEMALE
EATHEL,FEMALE
MARYBELLE,FEMALE
CHRYSTAL,FEMALE
ELVIA,FEMALE
ILENE,FEMALE
MARGARITE,FEMALE
MARIANNE,FEMALE
ODETTE,FEMALE
ANTONINA,FEMALE
DELSIE,FEMALE
PORTIA,FEMALE
REATHA,FEMALE
ALEEN,FEMALE
ALMETA,FEMALE
LILYAN,FEMALE
JAUNITA,FEMALE
LUVINIA,FEMALE
ALVERA,FEMALE
ALLEAN,FEMALE
DAGNY,FEMALE
LEOMA,FEMALE
OLETA,FEMALE
TRULA,FEMALE
ETHYLE,FEMALE
INGEBORG,FEMALE
JEANE,FEMALE
LAURINE,FEMALE
LOREAN,FEMALE
MARGE,FEMALE
MARGUERITTA,FEMALE
MOZELL,FEMALE
NORENE,FEMALE
ONETA,FEMALE
LOLITA,FEMALE
ELOUISE,FEMALE
CATHLEEN,FEMALE
BETTE,FEMALE
EARNESTINE,FEMALE
FLORENE,FEMALE
LAVERNA,FEMALE
RAFAELA,FEMALE
THYRA,FEMALE
LOYCE,FEMALE
CLEDA,FEMALE
PEARLINE,FEMALE
CEOLA,FEMALE
LAVERA,FEMALE
MARCELLE,FEMALE
ROMAINE,FEMALE
ROSALYN,FEMALE
AUGUSTINA,FEMALE
BONITA,FEMALE
DOMINGA,FEMALE
GIRTHA,FEMALE
ISOBEL,FEMALE
ANONA,FEMALE
SYBLE,FEMALE
EDRIS,FEMALE
SANTA,FEMALE
THEOLA,FEMALE
VEOLA,FEMALE
CEIL,FEMALE
MADLYN,FEMALE
VERNIA,FEMALE
ELLAMAE,FEMALE
IRINE,FEMALE
LINNEA,FEMALE
MADALYN,FEMALE
ROSLYN,FEMALE
EDRIE,FEMALE
VINCENZA,FEMALE
YOLANDA,FEMALE
EDRA,FEMALE
ORMA,FEMALE
ILDA,FEMALE
ARDATH,FEMALE
RENEE,FEMALE
ASTRID,FEMALE
BEADIE,FEMALE
DORETHA,FEMALE
NEOLA,FEMALE
VELA,FEMALE
WAVA,FEMALE
EVELYNE,FEMALE
DIMPLE,FEMALE
ANNAMAE,FEMALE
ELEASE,FEMALE
WILLIEMAE,FEMALE
ROSALINE,FEMALE
CHARLINE,FEMALE
CHARLENE,FEMALE
JOANNE,FEMALE
THETA,FEMALE
DELORIS,FEMALE
MAUREEN,FEMALE
ROSABELLE,FEMALE
GILDA,FEMALE
HERMINIA,FEMALE
AFTON,FEMALE
MARGURITE,FEMALE
CLYDIE,FEMALE
IZOLA,FEMALE
ROSEMARIE,FEMALE
ARNETTA,FEMALE
GLADYCE,FEMALE
FLORETTA,FEMALE
MERNA,FEMALE
NEDRA,FEMALE
CLEMENTINA,FEMALE
LAUNA,FEMALE
SONIA,FEMALE
AILI,FEMALE
GLADIS,FEMALE
ALEASE,FEMALE
MADONNA,FEMALE
AZALEE,FEMALE
COLLEEN,FEMALE
DARLENE,FEMALE
MACEL,FEMALE
CLEOLA,FEMALE
LOREE,FEMALE
STEPHANIA,FEMALE
JOANN,FEMALE
ANTONETTA,FEMALE
ARIETTA,FEMALE
VIVIENNE,FEMALE
ELINORE,FEMALE
BENITA,FEMALE
GLENDA,FEMALE
EARLENE,FEMALE
ARLEEN,FEMALE
BLANCHIE,FEMALE
VILMA,FEMALE
ERLINE,FEMALE
FELICE,FEMALE
GEORGETTE,FEMALE
YVETTE,FEMALE
ASSUNTA,FEMALE
HELYN,FEMALE
LAVONNE,FEMALE
AUDRY,FEMALE
DORATHY,FEMALE
STASIA,FEMALE
VITA,FEMALE
JAYNE,FEMALE
MAEBELL,FEMALE
MAFALDA,FEMALE
OLYMPIA,FEMALE
MASAKO,FEMALE
STACIA,FEMALE
DOMENICA,FEMALE
INGRID,FEMALE
WYNONA,FEMALE
BERNITA,FEMALE
CAROLE,FEMALE
ELENORE,FEMALE
WANETA,FEMALE
ESPERANZA,FEMALE
MADELENE,FEMALE
ROSELYN,FEMALE
KATHLYN,FEMALE
ARDITH,FEMALE
VENITA,FEMALE
SANTINA,FEMALE
MARYJANE,FEMALE
ORENE,FEMALE
NOREEN,FEMALE
ANTIONETTE,FEMALE
MARGOT,FEMALE
DAWN,FEMALE
LAHOMA,FEMALE
ALEXANDRA,FEMALE
MARYELLEN,FEMALE
RUTHE,FEMALE
CLEONE,FEMALE
KATHALEEN,FEMALE
ALDONA,FEMALE
JANIS,FEMALE
CHRISTEEN,FEMALE
DORINE,FEMALE
CARYL,FEMALE
FRANCINE,FEMALE
ROSARIA,FEMALE
ERLENE,FEMALE
GEORGETTA,FEMALE
OLENE,FEMALE
SHEILA,FEMALE
GEORGENE,FEMALE
YOSHIKO,FEMALE
DELORA,FEMALE
LAVELLE,FEMALE
IDAMAE,FEMALE
MICHELINA,FEMALE
CATALINA,FEMALE
LIBERTY,FEMALE
VICTORY,FEMALE
BEVERLEY,FEMALE
LAURENE,FEMALE
MARILYNN,FEMALE
JERALDINE,FEMALE
MARYLOU,FEMALE
JACQUELYN,FEMALE
ONEIDA,FEMALE
CONCHA,FEMALE
MARINA,FEMALE
DOREEN,FEMALE
HARUKO,FEMALE
FELIPA,FEMALE
SOCORRO,FEMALE
ELOIS,FEMALE
TOSHIKO,FEMALE
CARLENE,FEMALE
FUMIKO,FEMALE
SOLEDAD,FEMALE
GEARLDINE,FEMALE
SHIRLEE,FEMALE
MERRY,FEMALE
CLARINE,FEMALE
LORAYNE,FEMALE
MARLENE,FEMALE
KIYOKO,FEMALE
ELWANDA,FEMALE
ELAYNE,FEMALE
DARLINE,FEMALE
ARLYNE,FEMALE
MARLYS,FEMALE
MARDELL,FEMALE
WILLENE,FEMALE
INELL,FEMALE
VENICE,FEMALE
OFELIA,FEMALE
PEGGIE,FEMALE
BEATRIZ,FEMALE
ROCHELLE,FEMALE
LEATRICE,FEMALE
BILLYE,FEMALE
DARLEEN,FEMALE
HORTENCIA,FEMALE
ETHELENE,FEMALE
MARYLOUISE,FEMALE
ERIS,FEMALE
BETTYJANE,FEMALE
PENNY,FEMALE
DORENE,FEMALE
TONI,FEMALE
LYNETTE,FEMALE
VONDA,FEMALE
AMPARO,FEMALE
BEBE,FEMALE
PHYLIS,FEMALE
BETTYLOU,FEMALE
WANITA,FEMALE
MARCELINE,FEMALE
VERNELLE,FEMALE
ERNESTINA,FEMALE
DOLORIS,FEMALE
DELOIS,FEMALE
NANETTE,FEMALE
ARDELLE,FEMALE
NATALIA,FEMALE
ESTELA,FEMALE
SHERRY,FEMALE
TWYLA,FEMALE
JACQUELIN,FEMALE
ENRIQUETA,FEMALE
BOBBYE,FEMALE
PATTI,FEMALE
LORRAYNE,FEMALE
JANELL,FEMALE
LADONNA,FEMALE
NADA,FEMALE
CARLA,FEMALE
EVANGELINA,FEMALE
WILLODEAN,FEMALE
CHARLEEN,FEMALE
COLEEN,FEMALE
ILLA,FEMALE
SHIRLIE,FEMALE
AILENE,FEMALE
ERLINDA,FEMALE
LITA,FEMALE
MARILOU,FEMALE
LAWANDA,FEMALE
CHARMAINE,FEMALE
CHERIE,FEMALE
SONYA,FEMALE
RAQUEL,FEMALE
HORTENSIA,FEMALE
VALENCIA,FEMALE
JOCELYN,FEMALE
KAZUKO,FEMALE
JOYE,FEMALE
LIDIA,FEMALE
ROSEANN,FEMALE
EARLEAN,FEMALE
JEANNINE,FEMALE
ROMONA,FEMALE
JEANINE,FEMALE
JOLINE,FEMALE
FELICITAS,FEMALE
CARMA,FEMALE
MARVA,FEMALE
COLETTE,FEMALE
SONDRA,FEMALE
MARILEE,FEMALE
JOLENE,FEMALE
JOVITA,FEMALE
DORLA,FEMALE
DIANNE,FEMALE
MARGY,FEMALE
VELIA,FEMALE
MARGENE,FEMALE
BEVERLEE,FEMALE
MARYANNE,FEMALE
JOYCELYN,FEMALE
MERLENE,FEMALE
ORALIA,FEMALE
SYDELL,FEMALE
JILL,FEMALE
ARDETH,FEMALE
ARMIDA,FEMALE
MARYLIN,FEMALE
SONJA,FEMALE
LAQUITA,FEMALE
JULIANNE,FEMALE
NANNETTE,FEMALE
MARGO,FEMALE
CLAUDETTE,FEMALE
ARLA,FEMALE
CHARLSIE,FEMALE
MARYLYN,FEMALE
MITZI,FEMALE
PATRICA,FEMALE
EARTHA,FEMALE
HERLINDA,FEMALE
TRUDY,FEMALE
VERDELL,FEMALE
JORETTA,FEMALE
MARSHA,FEMALE
VERLENE,FEMALE
LYNNE,FEMALE
MARIANN,FEMALE
JOETTA,FEMALE
ROSANNE,FEMALE
BELIA,FEMALE
JANELLE,FEMALE
MERILYN,FEMALE
ARDYCE,FEMALE
ROSITA,FEMALE
CELINE,FEMALE
CARLEEN,FEMALE
CAROLEE,FEMALE
DIAN,FEMALE
DORTHEY,FEMALE
KATHY,FEMALE
MARITA,FEMALE
THOMASINA,FEMALE
MARTA,FEMALE
THALIA,FEMALE
NIRA,FEMALE
SHARLENE,FEMALE
RHETA,FEMALE
JERRIE,FEMALE
GINGER,FEMALE
JACKLYN,FEMALE
ELISSA,FEMALE
PAULETTE,FEMALE
MONNA,FEMALE
JOELLEN,FEMALE
LAVONA,FEMALE
BONNY,FEMALE
LUANNE,FEMALE
SAUNDRA,FEMALE
LUANN,FEMALE
PEARLENE,FEMALE
NANCIE,FEMALE
SHIRLENE,FEMALE
MARCELINA,FEMALE
VICKI,FEMALE
KAROL,FEMALE
LOUANN,FEMALE
ALISON,FEMALE
MARYLEE,FEMALE
SHARRON,FEMALE
CATHY,FEMALE
DARLA,FEMALE
NORITA,FEMALE
GAYE,FEMALE
JERI,FEMALE
LORIS,FEMALE
SHIRLEYANN,FEMALE
CAROLYNN,FEMALE
MARLA,FEMALE
EVONNE,FEMALE
DARLYNE,FEMALE
VERNETTA,FEMALE
RHONDA,FEMALE
SHELBA,FEMALE
SHELVA,FEMALE
DEANNA,FEMALE
KARLA,FEMALE
TANYA,FEMALE
ANNMARIE,FEMALE
WENDY,FEMALE
RUTHANN,FEMALE
SHERRIE,FEMALE
CAROLANN,FEMALE
EVON,FEMALE
SHERYL,FEMALE
JACQULINE,FEMALE
KARLENE,FEMALE
GLENNIS,FEMALE
KARIN,FEMALE
MARLEEN,FEMALE
ROXANNE,FEMALE
HARLENE,FEMALE
ANNAMARIE,FEMALE
JACQUE,FEMALE
MARALYN,FEMALE
SHARI,FEMALE
LARAE,FEMALE
GAYLA,FEMALE
DEANNE,FEMALE
DIANNA,FEMALE
SIMONE,FEMALE
LEILANI,FEMALE
VICKIE,FEMALE
DIANN,FEMALE
KAROLYN,FEMALE
DEANN,FEMALE
NORETTA,FEMALE
SHELVIA,FEMALE
SHELVIE,FEMALE
SHELIA,FEMALE
JANYCE,FEMALE
JONELL,FEMALE
MAROLYN,FEMALE
MIMI,FEMALE
NORETA,FEMALE
ROSEANNE,FEMALE
LORELEI,FEMALE
VICKY,FEMALE
HELAINE,FEMALE
MARYJO,FEMALE
DEANA,FEMALE
JANINE,FEMALE
RONDA,FEMALE
LEANNE,FEMALE
CINDY,FEMALE
JUDI,FEMALE
KAREL,FEMALE
KARON,FEMALE
GLYNDA,FEMALE
TAMARA,FEMALE
SUZANN,FEMALE
FRAN,FEMALE
NANCI,FEMALE
APRIL,FEMALE
HEDY,FEMALE
MARI,FEMALE
JANNETTE,FEMALE
JERRI,FEMALE
HEIDI,FEMALE
DOTTY,FEMALE
SUELLEN,FEMALE
LONNA,FEMALE
KATHIE,FEMALE
ILONA,FEMALE
LARAINE,FEMALE
SUSANN,FEMALE
RONA,FEMALE
SHAREN,FEMALE
LYNNETTE,FEMALE
SCARLETT,FEMALE
BELINDA,FEMALE
PAM,FEMALE
RUTHANNE,FEMALE
JULIANN,FEMALE
SHERRON,FEMALE
DONITA,FEMALE
GEORGIANN,FEMALE
JERILYN,FEMALE
SHARYN,FEMALE
SHERRI,FEMALE
SUZAN,FEMALE
NYLA,FEMALE
TRINA,FEMALE
JUDYTH,FEMALE
NIKKI,FEMALE
SHERI,FEMALE
JANA,FEMALE
ADRIANNE,FEMALE
GEORGEANN,FEMALE
TERRI,FEMALE
CAREN,FEMALE
KRISTINE,FEMALE
GERI,FEMALE
JERILYNN,FEMALE
KARAN,FEMALE
ROSANN,FEMALE
CHERI,FEMALE
LEANN,FEMALE
PHYLISS,FEMALE
MERRILY,FEMALE
MELODY,FEMALE
KAAREN,FEMALE
CASSANDRA,FEMALE
ALOMA,FEMALE
CATHIE,FEMALE
SANDI,FEMALE
RONNA,FEMALE
KARREN,FEMALE
JERRILYN,FEMALE
SHERON,FEMALE
PAULETTA,FEMALE
MERRILEE,FEMALE
TERRIE,FEMALE
TONYA,FEMALE
SUNNY,FEMALE
KARYN,FEMALE
GINNY,FEMALE
CHARLA,FEMALE
TANA,FEMALE
CHAROLETTE,FEMALE
MARCY,FEMALE
CHERYLE,FEMALE
KATHI,FEMALE
KARYL,FEMALE
CANDY,FEMALE
SHERRYL,FEMALE
LUANA,FEMALE
ROZANNE,FEMALE
CARLYN,FEMALE
JACQUELYNN,FEMALE
CARON,FEMALE
SUZETTE,FEMALE
DORINDA,FEMALE
TERI,FEMALE
ALANA,FEMALE
DANNA,FEMALE
MARIBETH,FEMALE
PAMALA,FEMALE
ROSALINDA,FEMALE
ELYSE,FEMALE
PAMELLA,FEMALE
BOBBI,FEMALE
CORLISS,FEMALE
CHERYLL,FEMALE
GRACIELA,FEMALE
SHERILYN,FEMALE
DEIRDRE,FEMALE
GERRI,FEMALE
GLINDA,FEMALE
MICKIE,FEMALE
MARYBETH,FEMALE
CHERRIE,FEMALE
LAUREEN,FEMALE
PATRICE,FEMALE
ALETA,FEMALE
CANDICE,FEMALE
KRISTINA,FEMALE
VICKEY,FEMALE
NICKI,FEMALE
DEENA,FEMALE
JANEEN,FEMALE
MERYL,FEMALE
BETTINA,FEMALE
ROBYN,FEMALE
SHARYL,FEMALE
ERICA,FEMALE
LANI,FEMALE
LESLEE,FEMALE
DEIDRE,FEMALE
KATRINA,FEMALE
KRISTI,FEMALE
CHERRYL,FEMALE
DAYLE,FEMALE
RANDI,FEMALE
LORI,FEMALE
JACALYN,FEMALE
STARR,FEMALE
KENDRA,FEMALE
SUZANNA,FEMALE
DEBBY,FEMALE
VALARIE,FEMALE
MELODIE,FEMALE
ANNEMARIE,FEMALE
MICHAELE,FEMALE
JANNA,FEMALE
TRUDI,FEMALE
SANDIE,FEMALE
DARIA,FEMALE
VIKKI,FEMALE
RACHELLE,FEMALE
TONIA,FEMALE
MARCIE,FEMALE
CANDIS,FEMALE
SHIELA,FEMALE
REGENIA,FEMALE
DEBORA,FEMALE
MAURA,FEMALE
CARYN,FEMALE
KRISTIE,FEMALE
LIZABETH,FEMALE
REGENA,FEMALE
DENICE,FEMALE
DREMA,FEMALE
SHIRLEEN,FEMALE
CATHEY,FEMALE
CRISTINA,FEMALE
LYNDIA,FEMALE
BLANCA,FEMALE
FONDA,FEMALE
RENAE,FEMALE
KATHLENE,FEMALE
LOREEN,FEMALE
SHAUNA,FEMALE
SHARMAN,FEMALE
VALORIE,FEMALE
SANJUANITA,FEMALE
BETHANY,FEMALE
CHRISTA,FEMALE
SANJUANA,FEMALE
CANDYCE,FEMALE
LORRIE,FEMALE
TARA,FEMALE
PAMELIA,FEMALE
KRISTY,FEMALE
COLLETTE,FEMALE
ROXANN,FEMALE
DEBRAH,FEMALE
MINDY,FEMALE
KRISTA,FEMALE
LETICIA,FEMALE
TERESE,FEMALE
MARA,FEMALE
NICOLETTE,FEMALE
VANESSA,FEMALE
MERRIE,FEMALE
DEBBRA,FEMALE
JENIFER,FEMALE
LOURDES,FEMALE
GERALYN,FEMALE
JACLYN,FEMALE
SHARLEEN,FEMALE
LORIE,FEMALE
ALLYSON,FEMALE
ANGELIA,FEMALE
JANN,FEMALE
JOLEEN,FEMALE
CHRISTI,FEMALE
ESMERALDA,FEMALE
TEENA,FEMALE
GWENDA,FEMALE
RHONA,FEMALE
BRINDA,FEMALE
PANDORA,FEMALE
JODI,FEMALE
KIMBERLEY,FEMALE
MEGAN,FEMALE
LAURI,FEMALE
PAIGE,FEMALE
DEBORRAH,FEMALE
JOETTE,FEMALE
LISE,FEMALE
JACQULYN,FEMALE
MILAGROS,FEMALE
MARLENA,FEMALE
ROXANE,FEMALE
ELLYN,FEMALE
DEBERA,FEMALE
JONI,FEMALE
CINDI,FEMALE
TRICIA,FEMALE
BROOKE,FEMALE
DORETTA,FEMALE
LORRI,FEMALE
DANETTE,FEMALE
MARCI,FEMALE
ALISA,FEMALE
KARI,FEMALE
LESA,FEMALE
FRANCESCA,FEMALE
LANETTE,FEMALE
SHARLA,FEMALE
KIMBERLEE,FEMALE
ZANDRA,FEMALE
SHEREE,FEMALE
SABRINA,FEMALE
VALINDA,FEMALE
SHERIE,FEMALE
JOANIE,FEMALE
STARLA,FEMALE
MERRI,FEMALE
KERRI,FEMALE
LEEANN,FEMALE
VERNITA,FEMALE
CHERRI,FEMALE
BAMBI,FEMALE
RENITA,FEMALE
JANEL,FEMALE
DESIREE,FEMALE
DENESE,FEMALE
RONI,FEMALE
SHEILAH,FEMALE
ATHENA,FEMALE
JERYL,FEMALE
DANITA,FEMALE
GISELE,FEMALE
SHERREE,FEMALE
DEBI,FEMALE
KANDY,FEMALE
FELECIA,FEMALE
MIGDALIA,FEMALE
DAYNA,FEMALE
DEBBI,FEMALE
DEBROAH,FEMALE
JAYE,FEMALE
MONIQUE,FEMALE
TAMI,FEMALE
TARYN,FEMALE
LORINDA,FEMALE
MOIRA,FEMALE
MELODEE,FEMALE
SHERYLL,FEMALE
TRENA,FEMALE
NOEMI,FEMALE
LEESA,FEMALE
MARISA,FEMALE
DAWNA,FEMALE
TRACIE,FEMALE
DANI,FEMALE
SHEENA,FEMALE
DARA,FEMALE
KELLI,FEMALE
SHAWNA,FEMALE
BARB,FEMALE
KATHEY,FEMALE
KELLIE,FEMALE
WENDI,FEMALE
GAYLENE,FEMALE
LIZ,FEMALE
JEANNA,FEMALE
KARA,FEMALE
LEISA,FEMALE
CHANDRA,FEMALE
DORI,FEMALE
JAMI,FEMALE
MEG,FEMALE
MARITZA,FEMALE
STACIE,FEMALE
GLYNIS,FEMALE
JULI,FEMALE
BABETTE,FEMALE
TAMMIE,FEMALE
TAMERA,FEMALE
TAMRA,FEMALE
TRACI,FEMALE
TAMMI,FEMALE
DEB,FEMALE
TAMELA,FEMALE
CYNDI,FEMALE
GABRIELLE,FEMALE
CATHI,FEMALE
ERIKA,FEMALE
CANDI,FEMALE
JACKI,FEMALE
NILDA,FEMALE
KERI,FEMALE
SARITA,FEMALE
TIA,FEMALE
BRIDGETTE,FEMALE
TAMIE,FEMALE
BRIGITTE,FEMALE
SUZY,FEMALE
KIRSTEN,FEMALE
TAMBRA,FEMALE
MISSY,FEMALE
GIGI,FEMALE
PERRI,FEMALE
KARRIE,FEMALE
LISSA,FEMALE
LANITA,FEMALE
SUZIE,FEMALE
BEV,FEMALE
ALYSON,FEMALE
TRESA,FEMALE
KANDI,FEMALE
BRIDGETT,FEMALE
CARI,FEMALE
TORI,FEMALE
ALESIA,FEMALE
IVETTE,FEMALE
KERRIE,FEMALE
RENEA,FEMALE
ANGELICA,FEMALE
LIANE,FEMALE
SHELLI,FEMALE
LESIA,FEMALE
PENNI,FEMALE
TONJA,FEMALE
KEELY,FEMALE
MELISA,FEMALE
TARI,FEMALE
DEEDEE,FEMALE
KAYLA,FEMALE
LISHA,FEMALE
MISTY,FEMALE
DEIDRA,FEMALE
LEISHA,FEMALE
ELANA,FEMALE
ADRIANA,FEMALE
LORIANN,FEMALE
TANIA,FEMALE
DEDRA,FEMALE
EVETTE,FEMALE
LATANYA,FEMALE
FAWN,FEMALE
RISA,FEMALE
KRYSTAL,FEMALE
DEEANN,FEMALE
JOHNNA,FEMALE
VELVET,FEMALE
CORINA,FEMALE
JEANA,FEMALE
ANGELIQUE,FEMALE
MARNITA,FEMALE
JONNA,FEMALE
MACHELLE,FEMALE
MARIBEL,FEMALE
BARBIE,FEMALE
LORIA,FEMALE
GWYN,FEMALE
SHANNA,FEMALE
MONIKA,FEMALE
TRISHA,FEMALE
ALECIA,FEMALE
JANENE,FEMALE
LATONYA,FEMALE
STACI,FEMALE
STEFANIE,FEMALE
MELONIE,FEMALE
MARISOL,FEMALE
ARETHA,FEMALE
MARTI,FEMALE
DARCI,FEMALE
ADRIENE,FEMALE
DAWNE,FEMALE
CHARISSE,FEMALE
SHIRL,FEMALE
LESLI,FEMALE
JENA,FEMALE
BRIGETTE,FEMALE
TAMALA,FEMALE
SHANA,FEMALE
DELISA,FEMALE
MARICELA,FEMALE
ALYSSA,FEMALE
MICHELL,FEMALE
TONDA,FEMALE
RICHELLE,FEMALE
JEANMARIE,FEMALE
MARISSA,FEMALE
MELONY,FEMALE
DENEEN,FEMALE
MIA,FEMALE
KECIA,FEMALE
DJUNA,FEMALE
DJUANA,FEMALE
NOELLE,FEMALE
RENATA,FEMALE
TESSA,FEMALE
ANJANETTE,FEMALE
DENINE,FEMALE
DANEEN,FEMALE
HOLLI,FEMALE
KIMBERLI,FEMALE
LINETTE,FEMALE
CHRISTAL,FEMALE
ALISHA,FEMALE
ELAINA,FEMALE
KARRI,FEMALE
DELINDA,FEMALE
TYRA,FEMALE
TAWANA,FEMALE
MARNIE,FEMALE
DIONNE,FEMALE
KIMBERLIE,FEMALE
GABRIELA,FEMALE
CASANDRA,FEMALE
MARNI,FEMALE
TANGELA,FEMALE
KIMBERELY,FEMALE
SHANDA,FEMALE
DEMETRIA,FEMALE
LAVONDA,FEMALE
NATASHA,FEMALE
MECHELLE,FEMALE
SHONDA,FEMALE
YOLONDA,FEMALE
BRIGID,FEMALE
JULIANNA,FEMALE
CARIN,FEMALE
KELI,FEMALE
GIA,FEMALE
LATRICIA,FEMALE
LIZETTE,FEMALE
CRISTINE,FEMALE
BETHANN,FEMALE
TABATHA,FEMALE
JOELLE,FEMALE
LARA,FEMALE
SONJI,FEMALE
TAMATHA,FEMALE
TASHA,FEMALE
TATIA,FEMALE
GIDGET,FEMALE
LATONIA,FEMALE
BRANDI,FEMALE
NICHOLE,FEMALE
ALISSA,FEMALE
DEMETRA,FEMALE
JOELL,FEMALE
INGER,FEMALE
CAPRICE,FEMALE
DENITA,FEMALE
MELLISSA,FEMALE
LIA,FEMALE
CATRINA,FEMALE
MILISSA,FEMALE
SUNDAY,FEMALE
MEGHAN,FEMALE
ANDRIA,FEMALE
NICHELLE,FEMALE
CAMI,FEMALE
ANISSA,FEMALE
JOSETTE,FEMALE
LISSETTE,FEMALE
ADRIANE,FEMALE
WINDY,FEMALE
KAMI,FEMALE
BUFFY,FEMALE
KARIE,FEMALE
KEISHA,FEMALE
WENDE,FEMALE
TAWNYA,FEMALE
DANELLE,FEMALE
MISTI,FEMALE
TISHA,FEMALE
LARISSA,FEMALE
DARCIE,FEMALE
MAYRA,FEMALE
SEBRINA,FEMALE
ERICKA,FEMALE
TOWANDA,FEMALE
MICHAELA,FEMALE
CRISTY,FEMALE
CHERISE,FEMALE
TANJA,FEMALE
CARIE,FEMALE
CARRI,FEMALE
TIFFANI,FEMALE
CORETTA,FEMALE
TAMIKO,FEMALE
TAMIKA,FEMALE
CHANTEL,FEMALE
SHANNAN,FEMALE
KRISTAL,FEMALE
DAVINA,FEMALE
KIRSTIN,FEMALE
LATRICE,FEMALE
JOLIE,FEMALE
CRISTI,FEMALE
CORI,FEMALE
ARACELI,FEMALE
STEPHENIE,FEMALE
MELISSIA,FEMALE
CHANTAL,FEMALE
CORRINA,FEMALE
GILLIAN,FEMALE
ROLANDA,FEMALE
NICOLA,FEMALE
KELLEE,FEMALE
SHANI,FEMALE
CHANDA,FEMALE
CINNAMON,FEMALE
CHELSEA,FEMALE
AMI,FEMALE
RACQUEL,FEMALE
NICOLLE,FEMALE
AUTUMN,FEMALE
KISHA,FEMALE
LATASHA,FEMALE
SHONNA,FEMALE
CHRISTIN,FEMALE
LATISHA,FEMALE
DIONE,FEMALE
JADA,FEMALE
KYRA,FEMALE
MINDI,FEMALE
SHONA,FEMALE
MELLISA,FEMALE
CHRISTEN,FEMALE
ALEXANDRIA,FEMALE
SHARONDA,FEMALE
JULISSA,FEMALE
KARINA,FEMALE
KIRA,FEMALE
TAWANDA,FEMALE
MARISELA,FEMALE
TERRA,FEMALE
LASHONDA,FEMALE
TERA,FEMALE
TOYA,FEMALE
CARISSA,FEMALE
STEFANI,FEMALE
KESHA,FEMALE
TISA,FEMALE
MAYA,FEMALE
ANGELLA,FEMALE
TIFFANIE,FEMALE
TRISTA,FEMALE
RAINA,FEMALE
CRISTA,FEMALE
KRISTAN,FEMALE
TAWANNA,FEMALE
NIKI,FEMALE
SERINA,FEMALE
SHAWNDA,FEMALE
TOSHA,FEMALE
CHRISTEL,FEMALE
TRACEE,FEMALE
DYAN,FEMALE
TANISHA,FEMALE
CHANTELLE,FEMALE
STEPHANY,FEMALE
TREENA,FEMALE
YESENIA,FEMALE
CANDIDA,FEMALE
TARSHA,FEMALE
TAMEKA,FEMALE
AYANNA,FEMALE
JENNI,FEMALE
BRANDIE,FEMALE
SHANTEL,FEMALE
EBONY,FEMALE
SHAYLA,FEMALE
KIA,FEMALE
ALYSIA,FEMALE
SUMMER,FEMALE
JENNA,FEMALE
LATOYA,FEMALE
CRISTAL,FEMALE
SHANTA,FEMALE
SHALONDA,FEMALE
ANGELIC,FEMALE
BRENNA,FEMALE
ALYCIA,FEMALE
DAMARIS,FEMALE
CONSUELA,FEMALE
LASHANDA,FEMALE
ADRIA,FEMALE
LASONYA,FEMALE
SHARA,FEMALE
KATINA,FEMALE
CATINA,FEMALE
CHER,FEMALE
LAKISHA,FEMALE
CHASTITY,FEMALE
NIKOLE,FEMALE
CONTINA,FEMALE
CHIQUITA,FEMALE
CHASITY,FEMALE
NICHOL,FEMALE
BRANDEE,FEMALE
CAMISHA,FEMALE
LAKESHA,FEMALE
ANIKA,FEMALE
CHERILYN,FEMALE
ALEJANDRA,FEMALE
LAKEISHA,FEMALE
LATOSHA,FEMALE
KEENA,FEMALE
SASHA,FEMALE
NIKITA,FEMALE
CRISTIN,FEMALE
ROCIO,FEMALE
TOMIKA,FEMALE
TOMEKA,FEMALE
RACHEAL,FEMALE
GRISELDA,FEMALE
KEESHA,FEMALE
LILIANA,FEMALE
STEPHAINE,FEMALE
BREE,FEMALE
LATRINA,FEMALE
FELISHA,FEMALE
LAYLA,FEMALE
CELENA,FEMALE
JENNIFFER,FEMALE
REBECA,FEMALE
SHERITA,FEMALE
KORI,FEMALE
ALETHEA,FEMALE
CARLY,FEMALE
AISHA,FEMALE
CICELY,FEMALE
ANITRA,FEMALE
BIANCA,FEMALE
VONETTA,FEMALE
LATARSHA,FEMALE
NYREE,FEMALE
ALEXA,FEMALE
FATIMA,FEMALE
KESHIA,FEMALE
DANIELA,FEMALE
DANYELLE,FEMALE
MENDY,FEMALE
CHARISSA,FEMALE
SHANTELL,FEMALE
MARQUITA,FEMALE
BRIANA,FEMALE
CHANEL,FEMALE
DANYELL,FEMALE
SUNSHINE,FEMALE
NIA,FEMALE
NIKIA,FEMALE
JAMILA,FEMALE
TANIKA,FEMALE
BRANDE,FEMALE
MEAGAN,FEMALE
JASMIN,FEMALE
MARANDA,FEMALE
LAKESHIA,FEMALE
KYLA,FEMALE
SYREETA,FEMALE
LUCIANA,FEMALE
TOBI,FEMALE
ALANNA,FEMALE
MISTIE,FEMALE
TAMICA,FEMALE
CARISA,FEMALE
CHERISH,FEMALE
CECILY,FEMALE
HALEY,FEMALE
MANDI,FEMALE
DANIELE,FEMALE
TAMISHA,FEMALE
TANESHA,FEMALE
DANYEL,FEMALE
GABRIELLA,FEMALE
TIANA,FEMALE
MANDIE,FEMALE
HARMONY,FEMALE
SHAMEKA,FEMALE
SPRING,FEMALE
DESTINY,FEMALE
NAKISHA,FEMALE
TAMEKIA,FEMALE
AYANA,FEMALE
RASHIDA,FEMALE
YADIRA,FEMALE
ALESHA,FEMALE
KACEY,FEMALE
SHAWANDA,FEMALE
SHAMIKA,FEMALE
TAKISHA,FEMALE
PEPPER,FEMALE
KANDICE,FEMALE
ALINA,FEMALE
MEGGAN,FEMALE
FARRAH,FEMALE
TENNILLE,FEMALE
NADIA,FEMALE
RHIANNON,FEMALE
JILLIAN,FEMALE
JANUARY,FEMALE
KHALILAH,FEMALE
JANAE,FEMALE
JAIMEE,FEMALE
FARAH,FEMALE
CHANA,FEMALE
SOMMER,FEMALE
SHAYNA,FEMALE
SHASTA,FEMALE
TORRIE,FEMALE
ASHLEE,FEMALE
CARINA,FEMALE
CHAKA,FEMALE
TRISH,FEMALE
RAYNA,FEMALE
BRIANNA,FEMALE
EBONI,FEMALE
KENISHA,FEMALE
CAITLIN,FEMALE
LATORIA,FEMALE
TORIE,FEMALE
VENESSA,FEMALE
SHANIKA,FEMALE
SHANDRA,FEMALE
KIZZY,FEMALE
QIANA,FEMALE
TALIA,FEMALE
HAYLEY,FEMALE
SHAWNTE,FEMALE
SHANTE,FEMALE
SALENA,FEMALE
LIANA,FEMALE
QUIANA,FEMALE
KAMILAH,FEMALE
SHALON,FEMALE
LATESHA,FEMALE
IESHA,FEMALE
BRITTNEY,FEMALE
DANICA,FEMALE
JENELLE,FEMALE
YASMIN,FEMALE
LASHUNDA,FEMALE
MALIA,FEMALE
ADRIANNA,FEMALE
TARAH,FEMALE
TENISHA,FEMALE
SHAWNNA,FEMALE
CHANTE,FEMALE
KARISSA,FEMALE
CORIE,FEMALE
CHRISSY,FEMALE
KYLIE,FEMALE
AJA,FEMALE
MEGHANN,FEMALE
CRISSY,FEMALE
MEAGHAN,FEMALE
SHAVON,FEMALE
BRIANNE,FEMALE
KRISSY,FEMALE
SHAVONNE,FEMALE
LACIE,FEMALE
SHANITA,FEMALE
DESIRAE,FEMALE
ABBEY,FEMALE
LYNDSEY,FEMALE
SHAUNNA,FEMALE
MARLANA,FEMALE
ARIANE,FEMALE
KYLEE,FEMALE
SIERRA,FEMALE
LEIA,FEMALE
NATOSHA,FEMALE
ARIANA,FEMALE
SOMER,FEMALE
ASHLEIGH,FEMALE
STAR,FEMALE
ALAINA,FEMALE
CASIE,FEMALE
KINDRA,FEMALE
PRECIOUS,FEMALE
KIANA,FEMALE
WINTER,FEMALE
VIVIANA,FEMALE
BREANNE,FEMALE
SIOBHAN,FEMALE
MAREN,FEMALE
KYLENE,FEMALE
BREANNA,FEMALE
ASHANTI,FEMALE
ASIA,FEMALE
LYNDSAY,FEMALE
SHAREE,FEMALE
KACY,FEMALE
PRINCESS,FEMALE
AYESHA,FEMALE
RIKKI,FEMALE
LYNSEY,FEMALE
SHANEKA,FEMALE
LINSEY,FEMALE
LONI,FEMALE
PERLA,FEMALE
KRISTYN,FEMALE
ANYA,FEMALE
MARIANA,FEMALE
RENADA,FEMALE
KACIE,FEMALE
BRITNEY,FEMALE
REYNA,FEMALE
CHIMERE,FEMALE
KACI,FEMALE
BRYNN,FEMALE
LACI,FEMALE
TAI,FEMALE
ASHLIE,FEMALE
JESSI,FEMALE
TATIANA,FEMALE
KATI,FEMALE
KRYSTLE,FEMALE
TIERRA,FEMALE
TIARA,FEMALE
FALLON,FEMALE
EVITA,FEMALE
KAITLIN,FEMALE
MARTINE,FEMALE
KASSANDRA,FEMALE
JESICA,FEMALE
ALEXIA,FEMALE
TOCCARA,FEMALE
LATOYIA,FEMALE
TASHINA,FEMALE
CHAYA,FEMALE
JOI,FEMALE
DANIELLA,FEMALE
KATELYN,FEMALE
KANDACE,FEMALE
SHANELL,FEMALE
KOURTNEY,FEMALE
NEREIDA,FEMALE
JAZMIN,FEMALE
CHELSEY,FEMALE
KALEENA,FEMALE
KALA,FEMALE
KASSIE,FEMALE
JENILEE,FEMALE
EMILEE,FEMALE
CASSONDRA,FEMALE
SHAINA,FEMALE
SHAKIRA,FEMALE
CIARA,FEMALE
HAILEY,FEMALE
KALI,FEMALE
SHENA,FEMALE
FALON,FEMALE
TAWNY,FEMALE
ARIELLE,FEMALE
ASHLY,FEMALE
CHELSIE,FEMALE
TENIKA,FEMALE
SHARITA,FEMALE
CRISTEN,FEMALE
TABETHA,FEMALE
KRYSTA,FEMALE
CARLEY,FEMALE
ARIANNA,FEMALE
MALLORY,FEMALE
KAITLYN,FEMALE
CIJI,FEMALE
ASHELY,FEMALE
GISELLE,FEMALE
TESS,FEMALE
MAEGAN,FEMALE
ECHO,FEMALE
DWAN,FEMALE
BRITNI,FEMALE
ASHLI,FEMALE
PAOLA,FEMALE
ASHLEA,FEMALE
CAITLYN,FEMALE
TYESHA,FEMALE
MAIRA,FEMALE
BRITTANI,FEMALE
TASIA,FEMALE
GRISEL,FEMALE
KAYLEE,FEMALE
SHENNA,FEMALE
TEELA,FEMALE
SAVANNA,FEMALE
BREANN,FEMALE
MCKENZIE,FEMALE
JANESSA,FEMALE
KASANDRA,FEMALE
MARKITA,FEMALE
KARLY,FEMALE
MAGEN,FEMALE
DANNIELLE,FEMALE
CIERRA,FEMALE
SADE,FEMALE
KRYSTINA,FEMALE
MICAELA,FEMALE
CIERA,FEMALE
BRITTNI,FEMALE
KAYLEIGH,FEMALE
BRITANY,FEMALE
ALYSE,FEMALE
DEANDRA,FEMALE
BRITTNY,FEMALE
KALEY,FEMALE
ALYSHA,FEMALE
JAZMINE,FEMALE
SHAQUITA,FEMALE
KRYSTEN,FEMALE
BRITTANIE,FEMALE
KRYSTIN,FEMALE
MAGAN,FEMALE
KATELIN,FEMALE
VIOLETA,FEMALE
KASIE,FEMALE
JESSIKA,FEMALE
KELSIE,FEMALE
MARIEL,FEMALE
SHIRA,FEMALE
JAQUELINE,FEMALE
AMBERLY,FEMALE
SAMATHA,FEMALE
ELIANA,FEMALE
KALEIGH,FEMALE
NAKITA,FEMALE
PHYLICIA,FEMALE
BRITTANEY,FEMALE
KATLYN,FEMALE
SHARDAE,FEMALE
JERRICA,FEMALE
PORSHA,FEMALE
BRITTA,FEMALE
SHARDE,FEMALE
CHERRELLE,FEMALE
KATELYNN,FEMALE
MALLORIE,FEMALE
CHERELLE,FEMALE
MALORIE,FEMALE
SABLE,FEMALE
KAILA,FEMALE
ASHLYN,FEMALE
SHANAE,FEMALE
SHARDAY,FEMALE
FABIOLA,FEMALE
ILIANA,FEMALE
KYRIE,FEMALE
LEANDRA,FEMALE
SHATARA,FEMALE
KORTNEY,FEMALE
JANAY,FEMALE
AYLA,FEMALE
CAYLA,FEMALE
YESSENIA,FEMALE
SKYE,FEMALE
KELSI,FEMALE
JERICA,FEMALE
TIERA,FEMALE
JESENIA,FEMALE
KAELA,FEMALE
KARLI,FEMALE
PORSCHE,FEMALE
KALYN,FEMALE
CHANELLE,FEMALE
ALESSANDRA,FEMALE
LAKENDRA,FEMALE
LAURYN,FEMALE
KAYCEE,FEMALE
KAILEY,FEMALE
DENISSE,FEMALE
JESSENIA,FEMALE
ANJELICA,FEMALE
SARAI,FEMALE
TIANNA,FEMALE
KAYLIN,FEMALE
KAYLYN,FEMALE
DENISHA,FEMALE
STEPHANI,FEMALE
KAYLIE,FEMALE
DANAE,FEMALE
SHANICE,FEMALE
JALEESA,FEMALE
JALISA,FEMALE
WHITLEY,FEMALE
DEJA,FEMALE
TAJA,FEMALE
CHELSI,FEMALE
GENESIS,FEMALE
KATLIN,FEMALE
KIMBER,FEMALE
BRITTNEE,FEMALE
KIERRA,FEMALE
ALEXANDREA,FEMALE
ANAIS,FEMALE
ALLYSSA,FEMALE
KIERSTEN,FEMALE
BREANA,FEMALE
DIANDRA,FEMALE
SARINA,FEMALE
LIZBETH,FEMALE
KIERA,FEMALE
KATARINA,FEMALE
JALISSA,FEMALE
HALI,FEMALE
CARLI,FEMALE
TIARRA,FEMALE
GRECIA,FEMALE
MORIAH,FEMALE
KAITLYNN,FEMALE
BRITTNIE,FEMALE
FLOR,FEMALE
ELIZABET,FEMALE
ALEXANDR,FEMALE
BRITNY,FEMALE
KATHERIN,FEMALE
MIKAYLA,FEMALE
AUDRIANNA,FEMALE
KIRSTIE,FEMALE
ASHA,FEMALE
KALLIE,FEMALE
KELSEA,FEMALE
BRYANNA,FEMALE
AUDRIANA,FEMALE
DANIKA,FEMALE
GIANNA,FEMALE
MAKAYLA,FEMALE
MARTIKA,FEMALE
MIKAELA,FEMALE
DESTINEE,FEMALE
BRITTNAY,FEMALE
YAJAIRA,FEMALE
YASMINE,FEMALE
SHANIQUA,FEMALE
SHANELLE,FEMALE
LIZETH,FEMALE
JOANA,FEMALE
RYANN,FEMALE
ISAMAR,FEMALE
LATIFAH,FEMALE
KANISHA,FEMALE
RUBI,FEMALE
MARIELA,FEMALE
SYMONE,FEMALE
IVANA,FEMALE
HEAVEN,FEMALE
LUCERO,FEMALE
SHELBI,FEMALE
ALYSA,FEMALE
DULCE,FEMALE
BROOKLYN,FEMALE
NATALY,FEMALE
IMANI,FEMALE
KALIE,FEMALE
ALANNAH,FEMALE
FIONA,FEMALE
KANESHA,FEMALE
LAKEN,FEMALE
HALEIGH,FEMALE
ERYN,FEMALE
ELYSSA,FEMALE
SHELBIE,FEMALE
DEMI,FEMALE
IESHIA,FEMALE
MAKENZIE,FEMALE
SHANEQUA,FEMALE
KARLEE,FEMALE
HAYLEE,FEMALE
CHEYANNE,FEMALE
ESTEFANIA,FEMALE
HALIE,FEMALE
CHYNNA,FEMALE
KARLIE,FEMALE
STORMY,FEMALE
DELANEY,FEMALE
CARLEE,FEMALE
KAILEE,FEMALE
ALAYNA,FEMALE
MCKENNA,FEMALE
SHAQUANA,FEMALE
TIESHA,FEMALE
BRIELLE,FEMALE
MARCELA,FEMALE
MYRANDA,FEMALE
MIRIAH,FEMALE
ALEXUS,FEMALE
KELCIE,FEMALE
EMERALD,FEMALE
GIOVANNA,FEMALE
BRYANA,FEMALE
CHINA,FEMALE
ESSENCE,FEMALE
BRIA,FEMALE
ARACELY,FEMALE
AUBREE,FEMALE
CHELSY,FEMALE
MIESHA,FEMALE
CINTHIA,FEMALE
BRIANDA,FEMALE
HAILEE,FEMALE
KARLEY,FEMALE
ASHLYNN,FEMALE
MACEY,FEMALE
TATYANA,FEMALE
SHAWNEE,FEMALE
BREA,FEMALE
JOSELYN,FEMALE
IVONNE,FEMALE
KATERINA,FEMALE
MARLEE,FEMALE
BREONNA,FEMALE
SHANIECE,FEMALE
KAYLYNN,FEMALE
KINSEY,FEMALE
KENIA,FEMALE
DESTINI,FEMALE
KAYLEY,FEMALE
LEXUS,FEMALE
SELENE,FEMALE
YARITZA,FEMALE
KHADIJAH,FEMALE
KADIJAH,FEMALE
HALLE,FEMALE
BRIONNA,FEMALE
DESTINEY,FEMALE
JAZMYN,FEMALE
YAZMIN,FEMALE
ITZEL,FEMALE
KASSIDY,FEMALE
CORAIMA,FEMALE
SHANNEN,FEMALE
KAILYN,FEMALE
KALENE,FEMALE
KATLYNN,FEMALE
LEXI,FEMALE
DEYANIRA,FEMALE
YASMEEN,FEMALE
SHYANNE,FEMALE
VIRIDIANA,FEMALE
KAYLENE,FEMALE
CRYSTA,FEMALE
REINA,FEMALE
ALONDRA,FEMALE
KAYLI,FEMALE
NAYELI,FEMALE
JASMYN,FEMALE
ASPEN,FEMALE
JASMYNE,FEMALE
PALOMA,FEMALE
ELENI,FEMALE
HANA,FEMALE
AALIYAH,FEMALE
ALIYAH,FEMALE
DALIA,FEMALE
ZHANE,FEMALE
MCKAYLA,FEMALE
CLARISA,FEMALE
MIKALA,FEMALE
DAYANA,FEMALE
MADDISON,FEMALE
KIANNA,FEMALE
KENZIE,FEMALE
BAILEE,FEMALE
SYDNEE,FEMALE
HAYLIE,FEMALE
NOHELY,FEMALE
MAKENNA,FEMALE
VANESA,FEMALE
CYDNEY,FEMALE
ALEAH,FEMALE
SHYANN,FEMALE
VALENTINA,FEMALE
CAITLYNN,FEMALE
TATUM,FEMALE
ADILENE,FEMALE
ISIS,FEMALE
TATIANNA,FEMALE
BAYLEE,FEMALE
SHANIA,FEMALE
JOCELYNE,FEMALE
DAISHA,FEMALE
KAELYN,FEMALE
JAYLA,FEMALE
DASIA,FEMALE
EMELY,FEMALE
SYDNI,FEMALE
ABBIGAIL,FEMALE
MIRACLE,FEMALE
ZOEY,FEMALE
UNIQUE,FEMALE
IRIDIAN,FEMALE
BROOKLYNN,FEMALE
ALIA,FEMALE
KEANNA,FEMALE
ALIVIA,FEMALE
DAIJA,FEMALE
SYDNIE,FEMALE
FERNANDA,FEMALE
DAJA,FEMALE
LESLY,FEMALE
ANNIKA,FEMALE
KYLEIGH,FEMALE
SIENNA,FEMALE
CIARRA,FEMALE
MACI,FEMALE
DESTANY,FEMALE
TAMIA,FEMALE
MOESHA,FEMALE
ODALYS,FEMALE
YAMILEX,FEMALE
ZARIA,FEMALE
MIREYA,FEMALE
ALIZE,FEMALE
XENA,FEMALE
DANIA,FEMALE
KATIA,FEMALE
MAIA,FEMALE
AMANI,FEMALE
SHIANNE,FEMALE
MADISEN,FEMALE
ODALIS,FEMALE
KAYLAH,FEMALE
SARAHI,FEMALE
JAILENE,FEMALE
JAZLYN,FEMALE
ALYSSIA,FEMALE
CHYNA,FEMALE
ESTEFANY,FEMALE
ANSLEY,FEMALE
MADYSON,FEMALE
JAYCIE,FEMALE
JACEY,FEMALE
LEXIS,FEMALE
DAIJAH,FEMALE
JOSLYN,FEMALE
DEJAH,FEMALE
YULISSA,FEMALE
ANAHI,FEMALE
AYLIN,FEMALE
JULISA,FEMALE
SALMA,FEMALE
MADISYN,FEMALE
ERYKAH,FEMALE
GISSELLE,FEMALE
RAEGAN,FEMALE
TEA,FEMALE
ESTRELLA,FEMALE
JAYDA,FEMALE
RYLIE,FEMALE
MAKALA,FEMALE
TAYA,FEMALE
KAYLAN,FEMALE
CAMILA,FEMALE
ANNALISE,FEMALE
JAZMYNE,FEMALE
KEELEY,FEMALE
SHAYLEE,FEMALE
SAVANA,FEMALE
MADELYNN,FEMALE
MICAYLA,FEMALE
MAEVE,FEMALE
NAUTICA,FEMALE
CALI,FEMALE
SERENITY,FEMALE
YULISA,FEMALE
BAYLIE,FEMALE
SAMARA,FEMALE
MYA,FEMALE
ALLY,FEMALE
MYAH,FEMALE
REANNA,FEMALE
MADILYN,FEMALE
FELICITY,FEMALE
IRELAND,FEMALE
SKYLA,FEMALE
WILLOW,FEMALE
JAIDA,FEMALE
ABIGAYLE,FEMALE
JAELYN,FEMALE
RHIANNA,FEMALE
AMIRA,FEMALE
SHAE,FEMALE
ZOIE,FEMALE
CALEIGH,FEMALE
ABRIL,FEMALE
DEASIA,FEMALE
KAYLEN,FEMALE
TAYLA,FEMALE
ALEXYS,FEMALE
JAYCEE,FEMALE
JAYDE,FEMALE
KENNEDI,FEMALE
AMAYA,FEMALE
PIPER,FEMALE
ANIYA,FEMALE
NOELIA,FEMALE
KIARRA,FEMALE
SHANIYA,FEMALE
KEARA,FEMALE
EMMALEE,FEMALE
AIYANA,FEMALE
MIYA,FEMALE
JALYN,FEMALE
NYASIA,FEMALE
ANIYAH,FEMALE
JAYLENE,FEMALE
KYARA,FEMALE
CITLALLI,FEMALE
ABIGALE,FEMALE
ISABELA,FEMALE
TATYANNA,FEMALE
JOURNEY,FEMALE
RYLEIGH,FEMALE
ALIYA,FEMALE
SKY,FEMALE
SHYLA,FEMALE
BRYN,FEMALE
ABAGAIL,FEMALE
IZABELLA,FEMALE
NYA,FEMALE
SAIGE,FEMALE
JAKAYLA,FEMALE
LITZY,FEMALE
BRISA,FEMALE
AMYA,FEMALE
JACKELINE,FEMALE
KAYA,FEMALE
JAQUELIN,FEMALE
HAILIE,FEMALE
NYAH,FEMALE
AMARA,FEMALE
DARIANA,FEMALE
YAMILET,FEMALE
MONSERRAT,FEMALE
CIELO,FEMALE
ARYANNA,FEMALE
ANAYA,FEMALE
ARELY,FEMALE
KAIA,FEMALE
MARYAM,FEMALE
ANJALI,FEMALE
LILLIANA,FEMALE
AMIYA,FEMALE
BELEN,FEMALE
ALIZA,FEMALE
KEIRA,FEMALE
JANIYA,FEMALE
ASHTYN,FEMALE
NEHA,FEMALE
LAISHA,FEMALE
AMINA,FEMALE
JAILYN,FEMALE
KENNA,FEMALE
IYANA,FEMALE
MAIYA,FEMALE
MARLEN,FEMALE
NEVAEH,FEMALE
AINSLEY,FEMALE
YULIANA,FEMALE
BEYONCE,FEMALE
NAYELY,FEMALE
JOHANA,FEMALE
NALLELY,FEMALE
KAIYA,FEMALE
MEADOW,FEMALE
MAKAILA,FEMALE
KYA,FEMALE
XIMENA,FEMALE
JIMENA,FEMALE
MELANY,FEMALE
JAMYA,FEMALE
TAINA,FEMALE
AUBRIE,FEMALE
FRIDA,FEMALE
KALIYAH,FEMALE
MIKAILA,FEMALE
TALIYAH,FEMALE
TANIYA,FEMALE
CITLALI,FEMALE
ANNABELLA,FEMALE
DAFNE,FEMALE
HAYLEIGH,FEMALE
YOSELIN,FEMALE
ARELI,FEMALE
MADALYNN,FEMALE
PRISCILA,FEMALE
MIAH,FEMALE
KEILA,FEMALE
NATALYA,FEMALE
JAYLYNN,FEMALE
RIANNA,FEMALE
SHEYLA,FEMALE
ARYANA,FEMALE
ELLE,FEMALE
LISBETH,FEMALE
EVELIN,FEMALE
MAKENA,FEMALE
JALIYAH,FEMALE
KEYLA,FEMALE
GIANA,FEMALE
MALEAH,FEMALE
SHREYA,FEMALE
MALIYAH,FEMALE
SAMIRA,FEMALE
JALYNN,FEMALE
GALILEA,FEMALE
RIYA,FEMALE
CADENCE,FEMALE
IYANNA,FEMALE
KIYA,FEMALE
JAYLYN,FEMALE
ESTEFANI,FEMALE
YARELI,FEMALE
DAYANARA,FEMALE
JANIYAH,FEMALE
TANIYAH,FEMALE
SANAA,FEMALE
YAHAIRA,FEMALE
KADENCE,FEMALE
AMIYAH,FEMALE
TAMYA,FEMALE
SHERLYN,FEMALE
NATALEE,FEMALE
LAINEY,FEMALE
ANGELES,FEMALE
KARYME,FEMALE
ARLY,FEMALE
SANIYA,FEMALE
SARIAH,FEMALE
KAYDENCE,FEMALE
ALANI,FEMALE
AMARIS,FEMALE
CHARLIZE,FEMALE
KIMORA,FEMALE
XIOMARA,FEMALE
MARIN,FEMALE
DIYA,FEMALE
TREASURE,FEMALE
ALEENA,FEMALE
SANIYAH,FEMALE
ADDYSON,FEMALE
KARIS,FEMALE
GRACELYN,FEMALE
JAYLEE,FEMALE
NATHALY,FEMALE
LIVIA,FEMALE
JAYLEEN,FEMALE
JANIAH,FEMALE
GWYNETH,FEMALE
ZARIAH,FEMALE
AVERIE,FEMALE
HEIDY,FEMALE
MIKALAH,FEMALE
ARLETH,FEMALE
KARMA,FEMALE
SIENA,FEMALE
JAELYNN,FEMALE
ANABELLE,FEMALE
NAIMA,FEMALE
ANNELIESE,FEMALE
ZARA,FEMALE
ELLIANA,FEMALE
KINSLEY,FEMALE
SELAH,FEMALE
JOLETTE,FEMALE
BRYLEE,FEMALE
MYLA,FEMALE
YURIDIA,FEMALE
MONTSERRAT,FEMALE
VALERY,FEMALE
LILIANNA,FEMALE
LEYLA,FEMALE
RIHANNA,FEMALE
ADDISYN,FEMALE
AKEELAH,FEMALE
ADISON,FEMALE
LILYANA,FEMALE
NATHALIA,FEMALE
PAISLEY,FEMALE
YARETZI,FEMALE
SCARLET,FEMALE
BRAELYN,FEMALE
KAMILA,FEMALE
CAILYN,FEMALE
BETHZY,FEMALE
ADYSON,FEMALE
JOSELIN,FEMALE
MARIYAH,FEMALE
KINLEY,FEMALE
JAYLAH,FEMALE
CHARLEE,FEMALE
ADAMARIS,FEMALE
MALAYA,FEMALE
KHLOE,FEMALE
AMIRAH,FEMALE
BRILEY,FEMALE
JORJA,FEMALE
RAYNE,FEMALE
SANAI,FEMALE
DAHLIA,FEMALE
LORELAI,FEMALE
NEVEAH,FEMALE
IZABELLE,FEMALE
MILEY,FEMALE
MYLEE,FEMALE
JORDIN,FEMALE
JASLENE,FEMALE
AUDRINA,FEMALE
AZUL,FEMALE
MARELY,FEMALE
SHILOH,FEMALE
MADILYNN,FEMALE
JAEDA,FEMALE
JAZLYNN,FEMALE
LONDYN,FEMALE
GIADA,FEMALE
ADELYN,FEMALE
JOCELYNN,FEMALE
MYLIE,FEMALE
ADALYN,FEMALE
ALIANA,FEMALE
GIULIANA,FEMALE
AZARIA,FEMALE
ZANIYAH,FEMALE
ALYVIA,FEMALE
JOSELINE,FEMALE
KELIS,FEMALE
LILLIANNA,FEMALE
KYLAH,FEMALE
HADASSAH,FEMALE
ALLISSON,FEMALE
CAYLEE,FEMALE
MARELI,FEMALE
DAYAMI,FEMALE
ALISSON,FEMALE
NYLAH,FEMALE
JAZLENE,FEMALE
ADALYNN,FEMALE
JASLYN,FEMALE
GEMMA,FEMALE
LAILAH,FEMALE
BRYNLEE,FEMALE
RAELYNN,FEMALE
MARLIE,FEMALE
ANABELLA,FEMALE
ARIELLA,FEMALE
KAMORA,FEMALE
PAITYN,FEMALE
PAYTEN,FEMALE
AMIAH,FEMALE
AVERI,FEMALE
AVAH,FEMALE
KARSYN,FEMALE
JAMIYA,FEMALE
LAYLAH,FEMALE
CARLEIGH,FEMALE
KENLEY,FEMALE
SLOANE,FEMALE
ELIANNA,FEMALE
